bookid,userid
3346,42
3041,16
4433,30
1777,62
2000,10
1754,31
2983,44
2042,95
2057,95
2252,45
3128,65
1101,88
4557,84
2176,89
2933,84
3016,55
4696,90
2315,46
4229,74
3253,23
1558,68
3722,67
3208,24
1983,82
4387,10
2788,78
1084,57
4481,39
3644,51
3449,92
4783,19
1227,60
1016,74
1053,83
3728,23
1751,97
4582,25
1001,90
2102,19
4158,27
2475,99
4253,18
3753,78
1431,97
3537,87
1161,99
4139,81
1504,47
3235,55
3973,87
1749,28
3789,69
3491,19
4562,25
4677,54
3775,91
1996,37
2116,34
2285,62
1149,72
3674,21
4779,33
2504,13
2731,32
3760,50
1751,67
2765,31
3476,68
4061,36
1491,90
4868,89
2637,85
3496,97
1840,27
1540,72
1894,63
4922,16
1052,79
4067,61
2277,17
4338,94
1694,74
1864,66
1622,59
4506,97
2366,84
1992,25
4057,60
1992,11
1422,56
2339,51
3969,49
4338,72
1159,12
4492,17
3624,15
4173,31
3994,93
4772,51
3815,15
2775,12
2347,30
3101,26
2309,13
4465,47
1908,65
4921,64
4187,81
1541,67
3818,39
2731,95
1771,64
4921,65
3804,67
2646,97
4403,39
2784,49
1296,14
2387,22
3938,72
3966,54
4805,30
2293,72
4631,19
3320,51
4963,19
3839,80
1974,39
1488,35
3276,36
4302,30
1591,60
4020,10
4121,53
3679,10
1868,88
2075,52
4711,60
2654,15
3476,58
4791,85
3942,61
3557,78
3809,61
3663,31
4535,27
2717,42
3357,58
4961,75
2765,47
3725,64
2892,54
3161,81
3682,36
2518,71
2245,13
3547,77
2825,98
2433,85
3509,90
4866,49
2243,30
3516,27
3375,36
2887,29
1294,71
2879,45
1067,28
4826,30
4186,67
2319,67
2292,19
1242,37
4042,74
4436,32
3615,68
3721,87
1153,41
2673,99
2021,71
3205,62
4121,64
3537,84
4947,29
3184,93
1863,33
1720,14
4403,80
4035,83
1438,76
2651,14
4594,50
3602,27
2269,28
1466,63
4384,57
1633,75
3952,96
1019,92
3585,48
4246,51
3223,12
2416,65
1651,95
3044,23
3847,28
4742,14
4266,17
1120,69
3267,45
1695,14
2299,32
4141,63
1065,58
2171,70
1184,10
4485,30
3661,13
2165,53
4519,83
4296,37
3854,27
3451,12
4560,77
4168,33
1075,14
1340,44
3729,60
4077,77
3921,37
3487,64
1527,36
1831,95
4604,99
4306,98
3966,64
2527,40
3324,35
4949,68
3022,62
3021,56
1762,72
4329,94
1672,73
3795,10
4295,11
3390,43
4921,15
1354,70
2636,71
2446,44
1218,50
2261,60
1756,89
2196,34
1563,41
2813,89
2969,79
1662,31
4446,95
1989,44
1506,43
1130,48
2537,50
1749,18
3877,92
2701,87
1750,72
2038,30
1846,23
1736,16
2780,59
2509,29
2598,32
3922,79
2645,94
1744,75
3856,19
2613,60
3518,13
4619,97
3670,89
3157,20
3101,56
2433,48
1178,26
4472,20
1705,97
2264,53
3271,40
2534,74
1326,10
2040,85
3439,19
3387,28
2217,64
1756,73
1133,71
1750,61
4090,26
1675,32
4522,45
2030,47
2619,41
3640,99
4282,81
1354,62
4388,53
2125,17
2959,84
3439,63
3328,97
4770,91
2907,83
1661,19
3736,45
2374,65
1198,56
4954,81
2122,32
4404,52
2161,96
1045,99
3238,28
3132,42
1476,44
4325,63
1303,82
3659,40
2150,27
1318,51
2429,84
4337,31
2273,41
3218,36
3342,86
2994,36
4920,72
4969,79
4307,49
3449,63
1523,74
1169,74
2939,39
1237,97
3231,82
2944,63
3208,67
2575,64
3599,31
2655,69
3990,95
1359,69
1885,97
1122,29
2532,57
1748,26
3640,68
3198,13
3505,27
2960,21
3940,81
2938,55
4474,23
3688,35
2004,82
3494,78
2481,16
3573,53
2266,41
3417,88
1429,12
1560,62
1248,95
3177,20
2386,29
2980,17
1506,58
3339,99
3496,69
3390,81
1409,41
4400,30
2249,71
1378,93
1466,97
3734,22
2182,58
4806,13
1005,77
1521,65
1952,54
2339,75
4943,78
2001,81
3543,12
2994,44
4116,31
1978,15
3281,29
2445,93
3654,94
1582,78
4201,15
3797,19
2936,59
2063,91
3593,73
3954,10
3925,24
2859,73
4782,72
4974,58
1457,96
3089,48
2403,14
3772,64
4144,84
4686,40
1913,89
2044,33
3246,27
1754,15
1558,32
2064,53
1568,90
4316,24
3610,87
1554,96
1913,83
2768,47
2535,42
1489,95
4442,57
2894,77
4670,70
2132,52
4847,82
2015,43
4566,45
1512,65
2302,30
4716,31
3564,62
3008,59
4723,80
2132,66
1580,20
2914,30
3432,65
4221,86
3154,95
4875,33
1724,14
1529,28
1887,49
1731,57
4203,68
4341,94
4452,55
1817,46
3030,67
1869,16
3956,53
3371,45
3832,83
3443,48
4236,33
4210,83
3125,84
3049,37
4424,55
3186,67
1171,35
3045,85
3648,48
2815,58
1927,25
4336,16
4756,32
2135,49
2458,74
1607,96
3280,97
1547,79
2466,13
4780,99
3959,66
1286,74
4610,45
2831,52
2395,97
2341,28
4228,18
3836,59
2074,66
1479,75
3177,38
4817,51
2579,59
2610,30
4229,32
2077,10
2077,44
3104,45
4310,88
4343,67
2583,81
1765,37
2292,45
4524,24
4141,45
2189,62
2098,84
4677,46
2509,98
3746,17
4205,26
1195,18
3644,10
2860,41
4384,69
1549,38
3155,36
3189,75
4151,22
4134,31
2264,16
3895,60
1132,15
4553,20
1555,83
1652,43
1281,23
4292,62
2834,57
3149,12
4151,41
4056,84
2696,86
3495,21
2942,34
4450,75
3709,46
1291,26
4524,11
3409,67
4486,68
1757,18
3487,86
1174,66
1590,30
3286,38
3030,75
4732,12
3418,95
3883,78
1345,99
4021,78
3862,11
1183,76
1989,93
1590,77
1974,26
4613,84
1966,20
1382,86
4303,57
3521,17
3111,35
4463,91
1797,44
4159,15
1104,62
3336,17
2586,30
4233,23
4542,61
2236,25
3487,51
4316,34
1620,50
4125,55
4259,67
4790,42
2192,62
4811,33
1797,68
3539,40
1412,94
3835,59
4460,75
1480,68
3663,95
4726,31
3816,11
1753,32
3520,91
1461,12
3521,30
4417,41
3298,81
4917,11
2968,91
1144,94
4229,90
3509,16
4267,94
3877,60
4265,78
2105,85
4423,83
2564,34
2285,71
2396,30
3771,82
4908,30
1746,61
3283,94
1246,87
1229,10
3756,86
2063,95
4013,72
2140,43
3608,96
2468,46
2213,41
4297,36
3283,15
2556,34
2569,53
2729,43
4989,37
4312,94
2540,75
3022,37
4072,11
4136,20
1294,98
3426,88
4472,18
4507,66
1914,30
2735,34
3769,56
1225,71
2502,15
2015,50
4727,40
2102,10
3664,59
2488,56
3932,63
3319,74
4923,21
1368,74
2049,73
2731,29
2341,64
4415,75
1099,48
2551,47
2356,44
4280,14
4839,12
1643,76
2718,68
2846,23
2114,51
3640,61
2909,56
1815,19
3837,18
3136,95
4857,18
3010,80
1106,29
2823,66
1590,42
3110,15
1405,20
1948,59
4847,41
3178,32
1199,51
2519,85
4525,48
1002,51
2491,72
2532,65
3767,88
4815,79
2657,83
1038,27
3279,56
1760,17
2708,84
3757,99
1801,15
1374,33
4299,39
1077,43
4605,53
4883,83
2407,10
1738,87
1116,98
2556,70
2432,25
3181,23
4001,40
4907,33
1628,17
4267,21
2054,36
4486,97
2069,86
2042,38
3553,26
4885,45
1282,72
4283,60
3978,71
2868,30
1195,34
3486,36
1096,52
2947,20
1347,92
4480,56
2577,42
4690,32
3952,79
3244,22
4048,94
4646,46
4477,84
1100,21
1877,57
3675,79
4260,95
3953,64
1619,82
4221,69
1063,14
2883,84
2895,95
1130,11
2590,81
3320,63
1916,39
4758,39
1816,67
1447,65
4759,17
3401,74
1614,58
3386,72
2163,82
1818,74
4178,80
4826,78
2362,88
3253,42
1829,16
2525,23
1210,86
3820,70
2968,83
4374,56
1459,29
2113,78
2220,67
2349,81
4931,23
3857,97
2549,75
3719,63
3772,64
1567,38
1202,98
2442,24
4700,14
3925,96
4761,60
2620,77
3877,26
2205,79
3972,38
2399,52
4099,29
2019,25
3902,88
2522,81
1729,94
3995,18
3538,19
3275,84
1902,90
3662,59
2541,67
1860,80
4320,38
3773,40
3960,90
3236,74
4902,84
3626,50
3821,70
4736,10
2111,43
1446,97
1890,71
2563,82
4645,23
4174,34
4184,81
4228,28
2632,90
4706,72
4530,32
4134,82
2019,71
1112,18
2652,73
1880,50
3735,50
3396,68
3586,74
1197,47
1260,63
2132,48
2106,22
1856,79
2276,54
1623,43
3777,55
2951,98
2338,86
2361,34
2204,74
3534,15
4764,23
2637,49
3926,85
3321,58
1503,23
1124,23
1017,76
1342,94
3117,41
3554,26
1428,68
1916,91
1145,50
4489,17
3628,46
3866,22
4591,54
2840,85
3321,83
3049,81
3422,26
3701,61
1999,39
3006,63
1183,76
4928,88
2351,76
2949,45
4604,68
4917,93
1332,48
4517,95
1393,84
3344,74
1479,35
1915,96
1091,86
4333,45
3686,75
3666,17
2866,57
1038,14
4504,93
1869,55
1424,36
3799,29
2136,18
1752,59
2596,86
4512,95
3876,53
2933,90
2324,84
1942,80
4623,63
4601,58
1604,54
2119,63
2754,48
4634,90
4903,24
1565,97
1853,68
4128,46
1415,87
3228,51
4714,96
4804,74
2291,58
4190,95
1062,34
3151,37
4368,54
4877,26
4666,67
2531,73
4061,30
4545,44
3292,94
3831,21
4038,63
2052,12
1902,46
1463,47
1408,33
2278,74
2538,92
3409,66
3026,86
3159,75
3921,34
3485,16
3769,32
1123,22
2089,46
4221,37
3840,10
4376,60
1661,77
3595,83
1194,68
3137,30
2663,79
3785,60
1262,14
2055,66
2976,82
4029,64
2024,57
1370,20
3244,89
1519,55
3766,28
1407,43
2678,63
1857,83
4667,85
4709,10
4527,14
2031,75
4601,83
1855,25
1027,88
2604,73
4609,49
2151,51
2737,61
2860,89
1453,64
2756,89
2067,54
1198,72
1477,59
3841,13
2146,22
3006,50
2987,69
3235,85
3837,50
3993,34
4416,65
2517,95
2520,66
1471,43
2273,97
1971,63
4257,49
4387,59
2048,57
1025,93
3255,92
3777,55
3062,64
3303,26
3100,88
4247,98
2613,13
4904,76
4377,88
4983,16
2948,93
1352,49
4838,39
4097,42
1794,46
4075,96
1527,18
1136,41
4594,34
4822,99
1664,14
1318,57
4490,79
1666,79
4903,64
2618,77
4878,87
4272,10
2505,68
3969,11
4560,74
4565,24
3693,51
4323,88
1713,63
4193,56
3532,63
2431,72
4599,90
4807,23
3081,56
3414,88
3117,86
4617,98
4982,30
3070,56
3014,22
2759,63
2881,97
1527,21
3728,85
2125,44
3932,83
3458,32
3976,31
2651,37
2677,32
1806,28
3971,94
2346,68
1999,41
4890,11
4767,95
2098,75
1680,73
4285,94
3190,49
2944,37
1206,90
1509,48
2715,98
3296,34
2327,66
1408,60
1500,60
3068,54
1181,59
3012,35
1840,89
3918,87
3570,12
3326,32
2444,97
4752,24
1629,77
4290,15
4116,98
2561,14
3872,57
3732,11
2590,13
2428,61
1920,65
3273,32
4901,58
2990,62
4973,77
1998,81
4068,63
2736,92
4725,52
4451,27
1380,86
3255,24
4609,16
2156,99
1170,39
4326,55
4077,61
3934,67
3197,17
3787,50
4096,64
4686,45
2254,34
2134,65
2379,73
4919,19
2693,88
4387,25
2148,57
4940,94
3761,37
3813,32
1762,31
4864,58
4631,36
1813,85
1076,93
3386,40
2427,72
4657,10
1828,32
4235,68
1987,51
2862,39
4537,40
1922,75
4102,52
2120,50
2682,34
3651,42
3990,77
1262,96
3221,53
2144,66
1791,23
2486,42
3487,75
1626,84
3496,89
2275,70
3189,43
2523,55
2365,19
3328,96
2259,52
2636,21
2318,89
3343,73
2022,58
1144,50
4825,98
2678,48
3950,33
4235,38
2897,51
1867,80
3984,10
1140,27
2543,87
3153,68
1038,97
4982,74
1460,56
3453,71
4105,49
2082,53
2118,69
1808,35
4962,93
3733,14
2996,21
3031,54
2753,27
2024,82
1331,65
4978,21
1335,79
1844,44
1052,34
4096,43
4271,16
3645,57
4898,97
1827,57
3472,46
3164,39
4474,57
1604,85
4931,97
1427,27
1876,81
2981,92
1450,38
2254,41
1191,18
3641,85
1393,48
1459,41
3325,38
4613,60
4186,57
2410,13
1830,50
4135,51
1040,22
3866,35
2303,24
2614,85
3056,42
4764,92
2849,25
3474,22
1343,13
4417,78
3143,95
2637,26
4423,55
3019,35
4304,63
3718,14
2140,41
2873,48
4724,52
1847,98
1828,64
4981,55
2904,96
1068,52
2302,45
2451,91
2481,59
3540,70
1535,78
3527,55
4869,83
2732,32
2522,72
3796,20
1528,49
2493,69
1207,93
4693,45
3723,46
3026,15
4666,50
3093,54
2649,43
2445,65
2088,85
3589,91
2600,17
1052,31
1159,49
1700,89
1315,74
2492,74
2313,93
3442,56
1005,44
1981,38
1311,93
2661,47
2116,74
2828,95
2328,70
3610,38
1615,51
4430,77
2063,23
1550,39
4061,72
2603,67
4148,42
3839,93
2153,89
2214,30
3302,22
2654,76
3125,91
4941,80
1687,75
1569,33
2569,79
4523,76
2705,16
1860,12
2036,77
3343,23
1971,59
3405,34
3580,20
1315,80
2132,98
4028,93
2334,26
3581,13
1628,75
4737,43
1133,71
1944,51
4870,29
3835,93
3532,88
3833,61
1381,82
2186,86
3997,53
4874,62
4247,87
1043,98
2392,39
1904,69
4771,24
4944,82
2258,33
4270,23
2541,92
4412,44
3055,12
1656,18
1694,69
2389,86
2213,41
4329,39
2862,62
2405,47
2499,20
1461,47
4892,79
4021,50
2231,38
4500,66
1023,77
3043,57
2091,89
2818,44
4526,43
2216,82
3035,25
2939,18
2827,47
3891,41
3731,94
2783,47
4858,13
4387,68
2977,96
3518,87
2099,85
3952,69
2770,74
2606,80
1985,40
3695,38
1894,97
4506,96
4905,82
1344,98
2644,80
4013,96
2583,95
2579,55
2943,58
4716,16
4149,50
1011,56
3854,87
3510,75
3370,18
4992,21
3074,64
2006,29
2472,90
1245,93
1411,97
3552,82
4716,77
4132,22
4208,41
4813,89
4271,18
2896,52
2640,73
1383,59
3458,69
2189,18
3614,33
2990,87
4212,86
3547,44
1253,91
2321,52
1440,69
3783,11
2166,99
4869,58
3951,95
3462,22
2319,42
1658,75
2753,64
4700,30
1152,76
1051,14
3302,68
4848,50
1101,24
2433,61
2129,30
2496,34
3732,61
2645,35
2120,36
1098,94
4253,48
3934,79
1658,68
1359,91
4079,16
1597,62
4850,94
1955,73
2098,83
2936,59
3260,85
1508,41
1546,15
1390,95
4215,14
2375,26
4642,85
3890,43
2682,46
3442,13
3305,49
1695,24
1527,35
3281,94
4047,61
2009,16
4324,71
3706,73
4127,17
2991,37
4759,36
2279,64
2349,48
4528,15
3285,66
1618,25
3909,57
3013,45
2624,47
4466,92
3531,26
1221,96
3828,88
4940,22
2036,23
2144,44
1017,95
1062,54
1150,94
3368,65
3942,30
1550,28
2404,33
2841,26
4437,67
4211,41
1952,55
3896,74
3285,54
2828,39
3618,93
2133,52
4818,86
4132,24
1819,87
1289,51
2513,75
2927,53
3003,35
3437,32
2762,82
3705,91
2523,84
4365,41
2460,89
1429,88
2286,93
4079,25
4303,70
4054,73
4859,82
4182,71
2845,55
1223,29
2242,66
3357,53
1016,69
4051,88
4126,83
3489,67
3956,49
4919,95
2628,71
4743,29
2387,76
1083,59
4741,50
1577,98
3387,22
2231,34
4135,65
4566,10
2721,19
2780,97
4423,89
4281,22
1182,78
3377,11
4401,60
2615,79
3189,95
3586,94
2280,80
1690,87
3730,17
4907,16
1531,19
1599,46
4830,90
1133,70
4675,54
4161,47
4330,15
4429,23
4929,50
1121,58
1433,55
3076,80
3682,10
3564,92
1969,82
3608,93
4895,30
1382,40
2135,17
2652,69
4186,20
4503,29
1862,57
1017,22
2892,18
1419,78
4895,49
3394,80
1142,78
4176,34
4260,39
4196,99
3090,88
2473,40
4355,66
4833,59
2033,10
2939,83
3827,33
3988,31
4843,21
3696,72
2977,52
2772,43
1273,74
2954,73
3040,53
4769,86
4011,56
3988,50
4383,72
4534,30
2880,46
1017,37
4185,72
1252,56
4420,65
1716,56
3179,75
4806,19
4485,63
2959,93
3883,25
4286,88
1632,46
4114,40
2737,18
1432,79
4168,72
3663,93
2515,92
2318,63
3871,28
2138,65
2415,50
3607,12
2109,58
4664,36
3754,63
4131,84
1928,61
4813,30
4990,11
1069,58
4190,39
4068,36
1100,26
2889,73
3707,46
1004,20
4020,25
4971,85
3136,37
4174,61
1233,73
4587,14
4924,87
3482,93
1795,77
1777,22
1893,62
2644,46
2239,96
4330,71
1139,69
3825,72
1751,75
3230,18
3592,15
4906,72
1481,21
4618,60
2509,31
4473,32
1164,46
3457,21
3664,65
4802,64
4790,10
4701,52
4328,62
1949,97
1586,89
3117,85
1240,25
2423,14
3476,15
2462,28
4134,32
2439,71
2326,93
2340,57
4322,50
4158,57
4605,72
3154,79
3634,91
3370,49
1418,67
2689,65
3502,97
4487,84
4656,87
1406,68
3262,84
4603,76
4410,77
2155,43
1583,71
4500,46
2607,80
4732,53
2112,12
3398,14
2845,94
1613,76
4081,31
3452,16
2392,37
1356,54
2603,44
2048,66
2436,46
3847,93
3927,35
1447,49
3361,46
4997,79
2829,89
1980,22
1104,51
4451,17
4342,35
3353,42
3226,59
3001,89
2657,57
4668,42
2964,36
1008,85
3255,11
2652,87
2793,66
1315,16
1599,36
3531,76
2343,81
4227,23
4817,46
2745,44
2319,74
2681,65
2028,29
4736,75
1177,17
1853,54
4860,59
1938,92
3698,41
2443,84
2575,32
1259,66
3018,80
4092,63
2296,42
1555,24
2377,22
3493,21
1223,67
4225,39
1279,20
1760,31
1075,60
2948,15
4413,55
3790,14
4124,62
3286,31
2867,21
2111,43
3879,59
1296,68
4694,67
2832,63
2602,54
3515,65
2254,29
1748,69
4770,25
4698,22
2796,16
4602,84
2786,38
1838,57
1040,84
2726,99
1951,93
2949,24
1583,25
3217,42
1820,51
2079,27
4968,36
4284,49
4910,48
1524,52
3478,14
1388,22
1176,86
1512,61
4557,53
1980,69
1169,73
2598,30
1933,28
3203,21
1392,26
2860,38
4248,68
4938,47
4407,13
1475,97
4200,53
2141,78
2397,99
1795,29
1347,15
3505,78
1890,21
4654,79
3487,10
3467,69
2006,42
1908,90
2069,66
1009,20
2961,86
3069,45
3156,84
4787,54
3752,96
1209,16
4865,22
3644,26
4487,73
1181,18
4608,71
3604,52
1181,78
3220,18
3307,34
4983,74
4234,46
3647,46
2484,67
2604,99
1769,38
3371,42
3993,44
1862,54
3353,52
1476,62
1523,10
4426,44
2480,63
2453,19
2438,10
4408,74
1459,68
2335,69
1091,11
2534,18
1284,32
2301,62
4245,61
1777,32
1711,11
4545,59
3718,91
2768,67
4516,68
2637,64
1109,72
2784,40
4494,33
1375,64
1503,29
1321,90
3765,67
2527,57
4230,52
4838,46
2993,47
1398,12
4411,12
2373,54
1109,13
1099,20
2114,33
4456,38
3395,10
1670,71
2502,32
1960,78
4107,30
2750,76
2164,76
3983,98
2604,29
1984,19
2406,29
4168,30
2405,53
1523,89
1423,67
1416,32
2964,88
3969,47
4898,95
2945,16
2070,10
2038,29
2329,10
3810,36
3954,26
3308,94
2507,90
2869,32
1766,75
2309,91
2473,46
3769,61
4142,85
1105,18
1316,75
2331,11
4770,26
3561,29
3853,71
2558,69
3208,51
2658,27
3193,44
4306,75
4748,29
3305,28
4268,96
4584,34
1278,26
4961,47
2993,71
4920,11
4480,70
4169,71
1848,73
2151,49
3235,11
3556,91
1939,45
2208,78
2989,50
2151,96
1245,58
1365,39
1727,37
2991,15
2292,94
3591,76
1328,28
4424,64
2819,91
4332,89
3003,51
1013,90
3611,17
1253,90
1779,88
3928,70
1497,90
1628,54
2485,97
2879,32
1311,90
2343,80
2832,69
2538,83
2633,75
2413,87
3404,52
3942,50
4164,60
3907,57
1040,57
4051,40
2674,70
4947,42
3888,41
3696,75
2016,50
4918,39
2847,90
1639,32
1959,20
3683,79
1298,27
4883,31
2036,17
3236,50
4911,27
1970,46
3954,36
4813,97
4253,84
2744,95
2514,66
4800,66
3329,85
4288,44
3160,15
3656,41
4737,66
4443,99
2111,46
4509,64
4263,39
4395,61
3614,12
1485,87
1532,77
4367,95
2219,47
3434,43
3055,12
2982,50
1346,60
4832,17
1797,44
2317,98
2833,82
1816,51
3783,61
4869,81
4795,21
4443,53
3631,28
4468,10
1222,27
4803,99
4496,67
1762,76
1558,72
3296,84
3714,53
1958,70
4507,60
3402,56
2340,25
3682,16
3011,53
3467,30
1301,29
2863,42
3291,21
3942,62
1942,47
1134,34
2719,14
1312,42
3178,49
2080,37
1614,38
4094,17
1098,99
3262,75
2431,63
4400,21
1851,39
1610,28
4697,67
4117,40
3827,85
1333,62
2495,39
4288,47
4070,82
3720,51
3991,10
1445,74
4067,48
4006,22
1040,58
1984,71
3993,89
1311,43
1214,61
3927,42
1754,19
3392,48
1471,22
2664,26
4901,83
4041,18
2849,74
1218,38
1880,90
1116,98
1276,65
3005,30
3582,32
4705,44
3216,83
1392,64
3449,52
2685,15
2638,72
1051,34
4063,87
1744,35
1637,58
2248,17
4305,51
2868,47
2567,23
1964,77
2298,64
1239,68
1447,72
2702,72
4602,95
1950,24
3252,26
2194,13
4539,90
3966,85
3887,52
3045,53
1415,98
2191,18
2808,33
3529,32
1774,70
1459,32
4755,71
3134,88
3766,25
1237,74
2680,55
1670,43
3657,92
2529,99
3327,10
4665,15
1637,19
4630,32
3682,23
4496,89
4111,62
1182,76
3179,71
3347,61
2186,68
3245,81
4946,48
3312,54
3943,33
1651,50
3550,71
4182,31
2161,72
1604,61
2655,70
2826,49
1245,95
3103,31
4271,66
3261,79
3573,94
2128,77
2708,25
3235,60
2162,73
4172,66
3203,97
1372,97
2078,51
4819,64
4165,64
2403,64
4352,91
3407,19
1031,32
3567,41
2651,39
2751,25
2085,90
2138,56
1809,76
1334,31
3473,33
1491,57
3521,99
2250,72
3504,68
3077,72
4906,78
1901,43
4191,72
3733,43
3223,29
1924,88
2126,82
3779,54
4484,63
1977,70
4272,44
4378,46
4876,93
2673,64
1573,64
3647,68
4476,81
1442,81
1649,79
3447,72
1828,18
3046,98
4586,32
2327,68
1264,71
3505,23
4279,46
2038,59
3532,11
3571,84
3133,16
1076,38
4724,70
4902,40
1964,92
3715,61
1509,30
3230,93
1635,48
2792,90
2536,27
4418,14
2939,57
3428,49
2029,79
4046,92
4621,29
1726,56
2169,55
1533,24
4940,94
1153,71
3271,74
3069,61
4786,85
4673,35
3473,75
3010,27
1209,41
2904,39
2013,77
3047,93
3314,17
1065,56
4574,11
4622,26
3117,70
4230,14
4789,34
4765,69
2873,27
4220,28
4558,18
4427,56
3525,24
2456,78
2417,78
1606,33
2403,58
3956,87
2818,54
4029,44
3535,97
1079,88
3339,31
4372,58
1991,70
2797,50
2299,12
1274,19
2358,37
3240,64
4797,23
4664,73
1006,36
1426,39
1956,84
4333,70
3527,83
3674,97
4473,67
3286,47
4648,90
2047,74
2159,84
2979,56
2814,84
2742,43
1376,60
4504,27
4724,88
4728,21
2875,66
4445,19
4193,59
3921,36
2748,54
4211,15
1963,30
2117,18
4837,76
1202,90
3596,65
1342,99
2993,13
1064,73
3069,94
1844,91
3975,65
3927,38
3387,49
3211,47
2659,71
3900,42
4175,29
4248,22
1419,99
1040,69
1233,76
3341,31
3409,78
1041,67
2717,22
2408,56
4946,41
3800,15
3346,59
1057,12
4870,93
4052,84
1897,70
4385,51
2313,41
1544,88
1318,36
2056,14
1834,91
2605,95
4195,87
2783,26
2376,89
3710,36
4340,27
1917,14
2959,53
1713,67
2856,89
4230,22
3660,78
1417,43
2144,12
3150,42
2974,62
3176,86
4245,89
2803,21
2099,74
3034,65
4739,84
3164,24
1114,91
3400,72
2706,98
4728,15
4485,31
4820,89
4139,30
1132,70
4605,44
4387,87
1000,80
2649,69
3395,35
2040,98
1612,68
1575,73
3304,87
1934,40
1374,81
4136,11
3476,76
3057,75
2760,18
1077,71
3154,56
4097,95
4049,46
1767,41
3595,67
2635,20
2405,62
3902,65
2349,54
4044,68
2411,33
3092,78
1871,28
1949,41
1251,60
1396,96
4409,22
4346,20
2376,94
2220,72
4168,56
1434,45
4597,38
1088,88
1249,22
1456,44
4257,85
2701,30
2806,42
3622,69
2759,10
1007,63
2893,42
3738,73
3435,74
1289,32
4094,43
2818,24
3069,40
4050,94
5000,90
1257,31
2966,64
3621,21
4823,19
1875,58
1156,85
1553,84
2976,18
3559,33
2088,94
4318,29
4748,75
3523,34
2782,40
1120,69
1110,11
4494,26
4253,59
3899,30
1709,92
2828,67
3669,70
1845,84
3959,87
1666,78
1583,15
1956,26
1131,25
4650,87
2735,54
4594,54
4596,75
1051,78
1606,87
1572,21
4596,85
4144,17
4144,50
2573,94
3480,58
3572,11
2943,65
2630,42
3140,73
4057,98
2573,91
3155,92
2331,66
2092,78
4756,98
1544,81
3366,66
1186,70
2181,71
4702,45
3391,81
1480,48
2266,84
2285,23
2675,36
2247,26
1701,87
1773,91
2469,33
3436,55
2404,69
3391,11
2591,36
1143,22
4597,55
2714,95
4087,74
1288,10
2126,27
1101,79
4766,13
2968,82
1093,74
2314,22
2425,94
4778,48
4775,65
3260,63
3047,78
4722,99
4778,34
2094,30
1718,76
1144,93
4883,59
4500,48
4914,70
1711,24
4970,17
1874,49
3834,19
1405,66
4865,87
1791,27
2733,69
4487,86
4213,82
3820,19
4116,77
2432,82
1947,46
2947,64
1838,31
1778,53
3578,42
1232,70
3524,91
1855,42
3217,76
2431,51
2642,46
2598,25
3941,57
1715,24
1562,31
4986,58
3982,18
2975,44
2122,44
2703,11
2771,74
3238,62
3262,18
3328,11
3390,38
3989,55
4636,36
3061,60
4664,71
2695,28
1796,11
2146,95
1792,36
3599,23
2682,58
4478,92
1309,68
4416,50
3496,72
4854,75
4258,51
2014,89
1959,13
3768,27
2771,60
1302,19
1855,58
2824,90
2581,44
4382,24
1293,39
1861,28
1439,31
2498,94
1664,54
2322,68
1366,21
3599,53
2084,54
3810,16
1442,65
1709,27
3705,58
1413,73
4457,53
3295,25
2611,12
1165,23
2853,26
3157,83
2638,63
4258,53
3383,24
4153,72
2702,58
2008,84
3276,38
3295,53
3505,16
2076,77
2276,77
4860,82
3823,22
1117,46
3893,75
3827,93
3356,85
4381,66
2248,38
4131,94
2773,32
2581,33
3107,78
2923,51
2805,35
4586,88
2731,76
3516,10
2978,83
2731,10
2337,67
3695,88
3765,39
4409,88
3565,51
1850,80
3639,44
1467,64
4703,91
2143,94
2605,53
2826,40
4416,45
4746,10
1008,70
4431,40
2854,71
4262,42
4384,97
3709,85
4696,46
4223,92
4437,81
1936,22
4295,17
1523,15
2131,71
1336,18
4614,33
2410,43
1351,11
2678,39
2838,75
4062,66
2185,43
1236,71
2645,55
1827,57
2316,60
4455,80
2035,33
4744,48
4246,58
3769,75
4401,95
3104,37
2758,44
4655,94
3179,16
3329,10
1746,14
4800,83
4430,56
1231,15
2291,46
1218,53
1948,13
4190,40
4787,76
2563,49
1649,92
3666,54
2885,13
1867,28
4670,13
1730,42
2935,50
4115,25
1619,28
2027,54
3194,65
3817,42
4468,92
2885,31
4130,53
2579,90
4502,31
4672,57
2087,26
2747,58
1649,71
2480,90
2197,33
3297,10
1466,59
1783,64
3348,24
4733,84
2160,32
3173,64
3714,42
2826,63
2840,29
1336,42
1186,88
4525,90
1313,89
3208,80
1851,56
1423,19
1936,36
2840,59
3282,52
4557,48
3817,89
3685,78
3614,98
2489,62
3655,88
4225,18
4788,57
1835,89
3579,24
4579,49
2739,99
1697,87
4842,38
1735,82
2109,31
2957,85
3068,64
3145,32
4231,27
3918,41
3476,45
4458,43
4480,83
4215,14
2894,28
2246,35
2127,31
3116,52
1346,92
1297,32
4736,22
4318,12
3698,19
3108,53
1933,70
1455,89
4212,18
2357,26
4792,78
3971,11
2928,67
4844,19
2178,24
4863,59
1399,89
1009,34
4557,90
1996,52
2070,39
2733,76
4656,56
2662,87
3212,57
3060,51
2323,50
3795,99
4283,57
4720,52
1504,24
3237,53
3035,87
3736,98
3395,55
3256,72
1058,69
2317,46
4220,42
3926,10
3036,92
3186,11
4114,23
4872,40
3976,36
1649,76
3371,39
2191,73
1438,93
3365,69
1185,83
3537,46
2939,51
1076,61
2628,67
2092,53
4027,39
1239,41
2052,16
4040,26
1708,98
1092,50
2457,63
4890,71
3971,85
4422,70
2222,53
1504,59
4066,43
2099,48
1046,47
3617,62
1766,62
4407,12
1315,11
4704,51
1268,83
1034,15
4073,12
2982,44
2001,82
1482,54
1663,50
2612,75
4070,20
1231,41
2964,64
4222,21
2191,52
2810,65
4382,86
1369,90
2913,74
3945,34
1319,32
4049,72
1761,49
3650,19
3324,97
2291,31
1299,59
3280,15
1573,63
4712,55
4703,24
3478,55
4873,88
4677,81
3265,11
3592,54
3270,84
4713,16
3637,39
1743,48
3568,12
1616,22
2004,55
2383,33
3132,38
3815,36
2820,64
2602,81
3051,20
4902,69
3653,89
2737,58
3889,68
3029,92
3843,41
1467,75
2475,99
1078,27
2668,46
1106,70
3065,46
4266,83
3038,86
4849,19
3185,17
1192,12
2157,43
1186,82
1296,83
3717,36
1435,60
3441,10
3571,24
1551,85
4492,55
4889,94
2971,38
3173,45
4280,67
4143,77
1600,19
2772,12
4903,55
1537,34
3197,49
3615,95
1827,38
4344,65
1633,22
3792,53
3063,62
4884,90
3136,34
2866,31
1039,65
2322,31
1094,81
3733,82
1669,66
1720,33
2881,37
2297,19
2941,15
2198,90
1694,59
3096,81
3805,77
1817,14
4159,21
2016,85
2029,96
1046,91
4123,43
1231,92
4492,71
4951,81
1586,78
3595,82
1538,84
4337,22
3078,88
4464,72
3629,33
2582,97
3854,78
2792,90
1301,82
2108,24
4574,43
3374,88
3550,21
4803,39
4444,85
3747,46
3160,80
3674,71
3547,56
1966,29
3684,57
1589,97
1693,18
4932,52
3557,65
2253,49
4978,89
3397,80
1745,31
4865,70
2457,22
4700,77
3167,71
3203,28
3936,62
1686,34
3393,66
1922,95
3309,50
1585,44
4996,55
3710,38
4509,24
4532,38
4933,55
4340,67
4897,56
1510,48
3634,64
4669,71
2702,44
2394,72
1199,95
1199,71
1251,29
4420,55
1719,29
1939,73
4067,95
2592,12
4035,30
1527,59
4272,67
2664,47
2777,81
4846,33
2175,94
4251,80
4762,19
3929,28
3770,16
1651,68
4701,58
4832,30
1359,61
1204,98
4498,93
4100,31
4367,84
1952,34
4750,58
2310,98
4139,40
3115,25
3627,45
2507,19
1356,70
4268,90
3203,17
1383,54
4429,32
1903,50
1506,77
4719,75
2772,61
3200,52
2791,99
3927,18
2783,72
4767,88
4124,35
1350,57
1745,93
2240,94
4136,72
2016,62
3931,42
2702,74
4339,32
1775,82
4960,42
1987,54
2086,22
1110,60
2866,12
2292,22
1325,68
3424,50
1444,87
4822,77
2099,29
4969,93
4862,60
3530,91
4758,32
1148,65
4322,54
3621,33
2700,23
3240,21
3267,70
4746,96
1142,68
2023,37
3724,54
2146,42
3171,34
3005,24
4627,98
4742,70
3884,83
1668,48
4649,36
3836,99
2503,87
4358,76
2256,99
1464,37
3002,61
3496,29
2164,26
4343,37
3515,39
4263,58
4974,95
4731,78
2911,62
2518,34
2515,29
1239,53
3727,20
2301,18
4091,57
3338,41
2434,36
3238,47
3403,43
1848,96
1054,44
2417,85
2428,60
2672,56
2980,55
1951,22
2864,90
1566,49
4566,85
3933,16
3340,79
4259,73
1057,21
4347,64
2781,76
4627,80
3167,12
4863,10
3947,13
4190,34
4205,33
4725,71
3443,10
1386,30
4391,16
2419,79
4508,95
4255,66
4318,80
2292,66
2579,13
1544,82
4407,79
4803,82
1756,57
3650,20
2219,32
1937,35
1485,56
4201,94
2359,47
4786,82
1015,68
3684,94
2151,76
3139,65
4009,70
3930,64
3702,46
3417,32
4276,97
3201,94
3830,18
4165,36
4861,13
2845,40
4003,58
3234,84
1014,39
1785,91
1488,41
1522,41
1002,83
1526,32
3837,81
3801,35
3743,15
4129,36
3188,80
2730,22
3574,73
4220,41
1970,49
1684,79
1503,66
2266,72
4500,89
4890,61
1950,19
3184,43
4159,88
1687,48
3529,74
2322,80
4372,77
2066,41
2880,65
2936,69
2979,55
4858,77
4332,17
1749,37
2505,31
1358,50
2705,36
2807,11
2640,39
3810,60
1942,50
2298,67
4170,69
2436,36
2795,43
3209,65
3130,10
1877,11
1891,65
1570,68
2182,40
3839,76
1321,85
1572,82
3971,70
1316,90
1402,79
2463,14
3232,16
4683,49
4497,10
1029,83
2717,50
2584,97
3326,93
2941,36
3252,77
1381,96
1531,69
2773,87
2479,72
2019,49
2678,97
3717,50
4257,54
4319,69
2513,46
2747,11
1263,67
3648,51
4942,83
3308,70
4347,61
2641,97
1200,33
2352,22
2240,89
2298,98
2925,80
1956,30
4623,33
1961,13
4233,50
3715,42
2597,78
2496,98
4674,65
4282,42
2906,84
3731,32
3311,63
1531,69
2793,14
2068,55
1730,70
3707,19
3692,95
2425,23
4487,72
1132,56
3494,13
1439,25
2169,84
1678,14
2951,28
1801,15
1448,88
3271,75
4571,60
4915,69
3946,32
3349,82
1782,48
4999,54
4298,62
2889,68
4864,57
3362,24
2070,63
3162,48
1649,12
1990,46
3155,41
2588,73
1817,31
2908,58
2965,87
4138,47
3591,15
2683,86
4827,39
3238,23
1473,14
3199,25
1082,38
3378,53
4119,44
3701,94
2933,15
1000,28
2456,97
3915,25
3310,99
2095,22
3678,74
4414,94
3323,25
2141,41
1733,30
2350,87
2664,68
4973,33
1820,80
3997,21
3021,54
3680,51
3805,92
2836,20
2456,38
4958,61
1059,60
3485,31
1089,78
2505,87
2344,87
3176,32
4980,74
2301,85
4293,49
4915,36
2730,64
3305,48
1196,50
2262,10
1893,98
4181,21
3490,91
2732,95
3640,81
3095,23
1158,72
4517,44
2990,45
3710,41
1353,75
2441,95
1538,30
4458,45
3279,26
1880,90
3406,53
1398,91
4301,50
2276,21
3517,14
1718,19
3805,49
4000,65
3410,54
4955,61
3519,49
2830,36
3934,98
4613,63
1367,50
2035,52
1541,90
3294,47
1505,86
1967,57
3552,35
3340,92
2092,82
4662,21
2325,82
1753,93
4524,47
3678,57
2938,57
4074,16
3257,59
2046,88
4265,74
4154,15
1345,21
2782,37
2700,54
1761,92
2524,11
2727,31
4040,23
2430,74
2330,45
3779,19
1980,85
1067,16
3919,22
3806,21
2065,91
3691,73
2922,67
3333,23
2094,91
4990,41
4902,81
3602,31
1461,84
1881,61
3162,82
2443,41
2307,27
1491,74
2364,22
4089,17
3398,35
1422,88
4083,69
4469,71
3353,23
2039,25
4719,39
1529,35
4161,89
2784,30
4527,12
3868,50
2346,18
2457,15
3947,87
2108,39
4370,82
4092,92
4310,60
1102,24
3071,87
2204,18
1051,47
3168,36
4634,80
1323,83
3907,45
1279,54
3125,91
4590,55
4291,93
3545,27
3787,91
3766,14
2285,61
4391,16
4633,91
3004,77
3553,93
3377,40
4436,14
4636,15
3103,16
2549,63
3509,64
1041,23
4027,86
3281,58
4225,11
4030,63
3045,53
1548,24
2151,17
3701,87
4484,92
2074,24
1985,48
1082,79
2681,96
3567,63
4586,40
4931,14
1028,96
1229,38
2731,54
4300,32
3377,81
1310,93
1944,17
4995,66
2813,41
3170,72
2124,13
2386,16
2263,36
3849,69
4122,73
1449,18
4833,63
1113,75
2201,74
4338,66
4462,89
1547,10
2230,13
2363,13
4565,71
4764,52
4962,22
2199,92
1753,15
4669,54
1113,61
1473,28
1654,40
2517,92
4756,10
1321,43
3044,42
3194,57
3245,12
2671,77
4305,13
4589,97
1888,89
2793,33
2255,96
4311,61
1223,48
2356,48
1502,65
2064,88
4689,13
1798,50
4758,64
3290,56
3108,45
1100,52
4454,66
2138,80
3504,28
4471,40
1034,19
4195,69
3215,10
4145,31
3551,47
2543,79
4306,63
1712,76
1179,17
4868,44
1659,41
1658,90
1271,72
4923,99
4903,15
2142,72
3832,49
3537,28
1414,42
1088,72
2471,28
1172,21
3518,81
2754,31
4270,68
3263,85
2548,43
1887,29
3443,43
1001,74
2887,43
4493,74
3127,77
1748,80
1771,94
3903,33
1430,68
1394,28
2453,51
2359,58
2550,43
4411,76
2924,92
1541,73
3040,24
4771,36
3322,63
1972,44
1433,90
2352,68
1006,64
2313,40
2271,62
4552,33
1921,44
3815,43
1086,27
1362,58
4154,45
4015,41
2072,86
4379,70
2232,10
4350,63
3520,62
4727,19
1221,38
4936,66
4255,57
2411,24
4351,42
4128,92
4882,93
3112,21
3527,31
2543,13
4631,10
4083,56
3870,80
3692,83
3133,33
1341,81
4549,64
2929,39
4533,26
3103,12
1932,70
2321,37
4289,64
3730,70
3157,41
3636,48
1689,17
1078,77
1307,69
3165,29
3712,54
4106,81
1602,66
3467,62
4391,69
4396,80
3717,56
4273,91
1964,13
1911,19
3928,68
4575,83
3795,16
3943,81
2925,72
3308,13
1949,99
2790,72
4184,22
2311,11
2751,85
3717,55
2684,49
2207,54
3074,81
1281,65
4407,36
1497,93
1793,38
2785,44
2249,23
4692,33
2559,13
4374,83
4615,76
2362,54
4873,44
4953,20
3292,44
2391,35
1270,13
4311,82
4930,86
3971,42
1195,97
2942,26
1467,78
1781,85
3182,81
4631,43
3720,28
2775,75
4582,83
4731,62
2001,64
2725,45
3704,42
2930,93
1025,26
4665,57
4648,96
3020,94
4636,25
1222,96
3775,95
3658,49
2023,44
2246,42
1979,19
4237,88
4024,80
1914,31
1326,86
1637,75
4363,35
4241,28
2393,13
3197,83
3221,21
4804,58
2976,57
3745,94
1213,45
2086,11
1140,76
3944,16
1629,11
1862,53
3158,19
2850,46
4937,22
2857,51
2686,21
4620,63
2691,69
2522,74
1392,35
4051,83
3200,56
1634,69
2401,62
2986,53
3508,15
3879,79
1663,82
1854,14
4586,46
2849,10
4435,31
3433,21
3101,64
2519,27
2235,28
4364,12
1423,37
4379,49
3071,35
4084,34
2206,57
2553,43
2916,53
1748,53
4986,17
2665,77
1207,81
1074,69
4845,32
1657,18
3618,22
4594,72
4647,12
1689,25
1974,20
4017,16
3572,52
2316,38
2412,89
2752,23
2740,16
3644,24
3809,43
3980,22
3758,54
1689,56
4224,43
3946,21
1545,38
3640,24
2237,47
3441,49
3785,37
2455,65
1770,42
1993,35
1052,41
3869,75
2816,84
3635,89
3345,44
4853,23
3630,25
3787,25
3165,36
1050,78
4209,33
4857,44
1821,66
3196,72
4820,53
1261,64
2676,72
2950,95
4868,41
3243,24
3355,55
1069,21
2383,30
1710,27
2562,45
3466,73
4599,70
2495,97
1786,21
4982,52
3068,54
2389,52
3565,66
2455,16
3484,27
3961,67
4720,90
1773,27
4644,90
4000,12
2700,26
1111,16
1950,28
3139,69
2447,55
3005,37
3277,48
1491,73
4671,68
1133,73
3957,79
1484,70
1265,58
4628,86
4683,41
4277,74
3907,81
1079,67
3025,63
1454,65
4247,58
1711,60
2274,50
2956,24
2049,96
4379,79
2968,66
2215,58
3393,76
2804,74
4201,12
3531,64
2400,88
3061,82
4356,56
4122,55
3075,28
1113,86
4673,91
3479,83
2820,37
1465,73
2192,26
3880,86
3809,32
1064,19
2790,52
3144,30
4955,97
3812,22
3711,55
4821,47
3300,37
4181,27
3481,85
1987,86
3534,74
1818,79
1359,48
3606,76
4495,30
2969,35
4854,40
2036,99
2912,31
1104,13
4868,83
2399,23
3650,58
4094,82
3836,89
4915,68
1738,72
4569,87
4302,29
1920,59
3931,49
1780,33
1564,59
4575,63
1546,70
3696,92
1794,56
3621,99
3112,73
2752,26
3297,33
4833,30
2732,70
4713,93
1074,37
3406,64
2314,38
4991,66
3943,71
2406,67
3564,69
2984,95
1476,46
1239,72
2720,53
1236,13
3149,85
3537,40
1075,43
4451,21
1243,66
4625,91
2931,50
1126,48
4065,28
4962,59
4290,57
4852,85
2806,20
1309,23
1474,78
1907,85
2653,71
2628,62
1385,53
1758,56
3662,82
2410,87
1596,98
4785,77
3084,53
1256,19
2871,65
1673,25
3148,50
2495,42
1001,47
2116,13
2870,69
3391,49
3916,76
1027,57
4213,58
2816,83
4691,27
4093,54
3166,29
1949,20
1793,64
4403,34
2188,85
2290,84
4204,27
1188,54
2302,24
3153,81
3866,74
2727,92
1652,65
1318,41
3600,71
3337,10
3346,19
2026,77
4794,17
3787,87
1501,38
1527,70
1808,33
1269,74
4578,97
2592,90
3695,24
4018,86
3607,39
3909,37
3221,47
3710,29
2023,40
1200,24
2978,28
3898,28
2306,69
2140,81
1586,78
3589,81
4301,91
3583,28
3503,44
4298,20
4252,22
2500,79
1512,27
4121,77
3128,53
4213,64
3556,75
3616,94
1026,58
4334,10
2504,48
1849,63
3016,79
3508,31
3220,48
2538,35
4240,32
1630,73
2402,49
3376,58
4653,13
4896,75
4431,90
3046,23
2505,39
2798,18
4143,57
1843,39
2847,66
4140,41
2006,97
3669,88
2933,91
3629,16
1973,20
1405,74
3035,81
3201,41
3500,44
2292,51
2936,35
3496,52
3179,74
1093,56
1442,78
3831,83
1890,18
2303,94
3567,47
2411,63
1814,31
1163,58
1609,98
3626,26
4099,23
4303,79
2874,37
1249,38
4293,65
1409,25
3442,21
2027,11
2139,31
1042,98
1526,25
3954,51
4296,48
4992,66
2691,46
2343,77
2848,10
4589,30
3758,43
2557,54
3788,92
3997,92
2624,42
1856,28
3652,71
2551,20
3197,34
2995,42
3853,40
1659,56
2381,27
1924,23
3780,20
2928,30
3892,27
1521,42
2691,58
1606,39
2732,79
4854,38
4493,83
2916,22
2859,71
1324,40
3787,91
1338,16
2016,22
3370,98
3144,26
2440,37
1549,47
1729,23
4947,46
1460,37
3938,67
3764,78
3608,24
4699,19
4354,54
4407,33
1932,18
3531,37
4860,40
1901,12
1434,71
4256,20
3016,14
1383,25
1357,60
1689,65
2083,33
1683,21
4835,84
2348,92
3579,40
2967,76
1304,73
1572,46
2526,95
4596,76
3480,30
2140,69
2376,10
1109,48
1777,95
3937,25
4239,77
2789,52
2271,19
3925,48
4583,29
2838,88
2504,10
4153,88
1194,23
1451,30
2886,53
3598,63
2249,71
3536,86
1828,64
4918,84
3301,19
3067,20
1329,61
2375,48
2028,17
2736,19
4863,47
4298,25
3443,71
1657,66
2690,78
1175,80
4827,77
3569,62
3210,30
1743,83
3220,77
2830,94
4229,78
3761,57
2499,50
2319,60
4082,97
3760,90
4482,97
1877,76
4597,25
1167,51
4069,70
3098,61
1836,47
1042,74
3759,83
4515,17
4157,58
2086,48
3133,14
2047,18
1703,55
1993,14
2214,80
2256,32
3847,27
4067,36
2301,31
4071,36
1826,32
4625,78
2581,78
1170,36
1042,73
3509,60
2119,32
4885,69
4422,50
4449,53
3505,93
1127,45
4185,47
2526,81
2437,26
3316,38
2783,30
2844,91
2078,18
3681,90
4275,17
4759,40
2992,25
1463,26
4008,10
2997,89
4568,35
1342,72
4784,57
1731,17
1762,12
2654,20
3521,43
2931,39
1292,33
4275,34
4575,74
3763,30
2661,81
1025,10
3413,51
2355,85
1865,52
4449,67
4387,65
3391,82
3173,90
1923,52
1513,62
3436,24
2720,75
2346,42
4870,51
4819,70
4321,99
2793,74
4349,97
3988,71
3450,62
3698,74
3044,96
1344,96
1112,53
3111,74
2057,31
2937,97
4607,45
4639,84
3926,47
1543,62
1284,25
4314,25
4249,17
1730,74
2879,49
4417,81
4475,97
1066,69
1435,49
2649,80
2953,10
4457,33
4367,45
3991,96
2693,49
2528,19
1053,76
4162,91
2112,88
3083,76
2150,60
4881,92
2083,12
2533,92
4628,67
3648,35
4870,47
4006,26
2275,16
2273,66
1414,56
1484,17
2104,26
4523,67
1370,68
2122,65
3687,40
3989,68
2786,77
1728,47
1443,29
2456,39
2613,49
1697,73
3636,30
1391,56
4438,44
2391,19
2291,60
4947,89
4402,48
1356,37
4363,72
2006,59
4195,49
2659,59
2623,81
2717,21
4905,14
2231,59
4442,57
2343,77
1634,22
2633,71
4639,96
2646,83
2752,23
1597,48
1686,91
1712,63
3088,72
2333,78
4370,32
2670,91
3950,78
3886,53
2764,44
4096,85
2269,72
3214,22
1083,55
4589,17
4868,62
4212,79
4047,95
2870,53
2847,22
3500,49
4024,37
3877,80
3890,97
4854,95
2019,80
2567,31
1697,75
4219,26
3886,97
3902,57
3047,67
4019,92
2258,65
2714,34
4595,18
4163,42
4709,52
3207,90
1260,77
1812,84
1510,44
2111,44
2792,97
3665,80
4696,17
2854,35
1085,80
4301,30
1163,77
1916,28
4240,34
3301,46
3409,64
3541,16
3887,50
1779,41
2538,76
2108,37
1327,90
4599,37
2309,28
2976,95
2681,69
1088,92
2021,55
4818,62
1027,56
1255,71
2195,81
1123,44
3305,53
4579,65
3481,59
1950,70
1490,38
2873,46
4641,56
2206,42
1227,74
1020,60
2903,85
4752,31
4209,18
4160,12
3875,30
2615,79
3783,61
1509,71
1544,19
4559,41
1491,36
1794,42
4115,11
3254,29
3335,83
1679,89
2309,53
4619,82
4517,67
3438,88
1241,97
4177,25
3337,10
3512,32
1368,43
2343,24
4524,33
4631,51
1803,82
3904,18
4962,30
4723,70
3672,81
1795,41
4615,60
1560,76
1722,84
4848,19
4810,97
3939,77
4883,94
3473,10
2804,51
3202,50
2959,51
3315,45
4423,57
4820,54
3125,13
1036,35
4804,44
1876,50
3705,66
4205,10
4347,60
2571,19
1073,18
3166,71
3655,57
3609,13
1390,61
4638,11
1221,51
2979,80
2530,82
4841,88
3031,90
1141,75
4559,62
4362,47
2021,70
1469,57
1149,54
3852,88
3381,33
1064,56
2556,14
3188,50
4926,50
2986,84
4103,16
2586,90
2551,60
2678,55
3971,87
2130,24
4609,31
3533,71
1126,38
3269,67
1251,96
1593,46
4677,69
4620,74
1344,42
2619,48
2434,41
4873,12
3737,89
3639,70
4830,38
3395,64
4104,40
1942,95
4221,76
3012,28
4813,52
2169,66
4903,32
4907,32
4159,87
3925,56
2577,90
1277,61
1191,38
3478,41
2950,24
1919,48
2612,43
4453,20
4399,40
1408,36
2224,61
1377,44
2569,83
2732,74
4935,35
4517,23
2119,71
3536,63
3570,30
3948,70
3995,48
2072,59
2918,33
1131,92
2169,51
3115,98
4032,78
3635,85
3656,14
3382,98
4771,85
4242,38
2819,38
3225,90
1813,51
4274,88
4895,66
1186,90
3839,26
4622,66
1130,57
3409,38
2355,82
1665,66
3572,93
4342,83
3088,92
4686,16
1087,31
2108,21
4647,61
2373,64
2537,44
2883,72
2505,76
2090,83
3683,49
1353,68
4873,93
2384,17
2587,89
1635,61
4486,16
2814,87
1803,56
3302,64
2696,62
4108,48
2168,35
1592,69
4299,19
1676,91
1185,63
4970,83
4652,94
1589,48
1839,43
3191,30
2370,41
1075,53
1035,37
2474,17
4341,79
3623,26
2924,94
3579,93
4801,59
3224,82
4564,78
1226,71
3027,69
2964,66
2445,46
3053,82
3741,90
2603,92
4375,56
3949,88
2270,22
4254,83
4543,35
2196,40
1909,83
4143,72
2277,95
3228,20
2967,92
2946,42
3994,10
4572,38
4243,31
2153,67
4420,28
2596,24
4658,91
3574,88
2513,55
1903,54
3913,70
4352,88
4236,17
1930,34
3491,38
2193,36
2152,93
4297,34
2510,59
2565,57
4520,47
1179,97
4447,86
2765,28
1753,66
1364,39
3339,66
2308,94
3014,14
2869,83
3654,63
3757,82
4160,34
4670,56
1818,71
1181,70
3326,33
1615,61
3670,41
1604,88
4105,42
4427,72
2546,30
1449,68
4735,15
1862,72
3454,85
1383,52
3937,69
3819,42
4719,97
3054,87
2308,38
4636,81
1520,31
4676,48
2808,48
4864,29
3254,49
3596,61
1131,36
2179,96
4688,28
4940,52
1929,26
1773,74
2572,49
4892,52
2361,57
4197,17
2721,10
2175,56
2337,33
3182,65
1199,34
3797,90
4512,77
3714,40
4029,65
2550,74
3697,41
2252,90
2547,28
3790,12
3893,95
1215,54
3088,97
3668,37
3339,88
4464,43
1938,34
1957,20
3368,54
2737,46
4451,51
3950,41
1506,49
4534,44
4780,22
3910,95
1792,23
4845,17
1347,58
4749,22
3556,35
2308,27
2978,10
3035,73
2263,93
1649,92
2675,96
4348,24
1774,37
4897,64
4168,54
2867,42
4488,92
3884,28
3483,19
2796,43
1656,76
2681,81
4064,29
3660,78
4623,41
3449,72
2969,95
4710,11
3043,51
4030,41
2987,88
1830,39
3222,78
4039,52
3621,96
4912,83
3737,70
2694,58
4801,94
3182,24
4892,60
1025,82
1839,17
4393,12
2259,34
2960,78
1679,11
2737,91
4566,41
4051,73
4385,14
3730,55
2343,52
3741,93
1575,60
2662,59
3845,69
3239,40
1147,96
1581,34
2097,40
3518,12
3511,55
4074,58
1624,15
4017,44
4945,54
1016,66
3192,28
1126,89
3496,33
3415,35
3851,85
2752,18
3536,22
4829,16
1805,80
3979,25
4953,84
3936,67
3874,69
1126,74
3167,33
4843,81
1714,99
4300,54
1848,75
2122,50
2908,82
2659,89
1212,12
2884,64
2594,39
1455,63
2704,60
3218,33
3058,97
1999,18
3251,25
3942,56
2100,15
1890,32
2898,47
3129,51
4410,30
2615,56
4504,24
4628,58
4233,54
3078,92
2678,70
1059,58
1639,63
1751,68
3139,56
2253,70
2604,56
1346,78
1267,84
1661,34
4061,54
4908,88
4601,18
2859,84
4451,89
3006,97
3652,23
3912,92
4856,72
4783,16
4621,37
1123,78
2387,35
2111,48
4507,69
2619,63
4093,73
2043,52
1973,85
4466,85
1264,83
3952,73
2548,95
1684,77
1674,94
4291,39
4894,43
1013,15
4775,83
3777,33
4253,55
2426,88
3997,72
2460,14
1824,13
3689,84
4413,61
1180,90
4353,33
4767,53
2898,55
2797,14
3802,66
3510,54
4492,68
4863,58
4891,79
3946,36
2584,56
1888,90
1648,73
2057,57
4794,45
2174,53
3878,14
1466,17
2797,93
3899,54
3818,74
1177,79
4946,39
1908,97
1393,99
1098,77
2244,95
2224,36
4612,54
2658,68
1895,55
2871,66
3178,45
4202,32
3377,75
4286,73
1507,79
1310,16
3233,43
1999,79
4815,77
2258,91
3285,43
2124,23
3404,88
1952,63
1175,17
3787,42
3941,67
1703,13
1080,88
1030,92
3336,86
3009,76
1013,68
2041,40
2667,90
3255,42
3228,81
2347,70
2200,85
2503,82
1322,71
2110,32
3431,37
2158,97
1869,49
4158,26
2043,57
1504,76
4712,84
3930,51
3989,66
3943,43
3578,90
4553,79
3402,38
2366,99
3109,46
4168,67
4026,34
4560,88
2125,54
1465,31
1154,28
4689,71
2221,67
3588,54
4757,40
3309,97
2313,42
2013,69
3718,66
2430,66
3776,23
3847,84
4160,11
2510,25
4956,70
3270,27
3622,28
3107,61
1109,87
2624,25
2355,68
2046,97
2081,61
3709,23
4124,47
3554,48
4115,44
3591,95
3274,99
2207,26
1815,46
4987,58
3271,76
4243,23
2348,21
2525,55
1469,12
4429,55
3907,60
2429,27
2463,25
4557,95
4201,39
2046,44
2467,92
3506,14
2056,32
4681,58
4957,41
2059,80
3522,25
3785,31
3634,76
2898,80
3782,99
3866,98
3685,46
4027,28
2132,38
3127,63
1493,54
1991,44
1305,14
4460,65
4248,12
4501,24
3944,76
1850,23
4803,83
3296,47
1835,17
4096,30
3620,61
2768,62
1922,18
4531,58
3111,41
4547,34
1162,16
4004,99
1758,42
3371,20
4725,34
2153,60
2076,68
3530,32
3729,66
4612,81
4848,43
3471,30
4136,77
3398,62
2805,20
3038,45
2124,84
4272,89
4392,60
3758,16
3654,30
2069,97
4016,34
4710,54
4806,64
1724,62
3531,63
1088,48
2686,45
1815,11
1971,85
2945,70
3666,53
1020,18
2709,67
4778,86
3933,95
3039,13
1759,26
4041,25
3587,69
1801,72
4826,72
4913,84
4448,96
1800,92
4201,14
2785,25
4242,76
4326,71
1025,48
2097,91
3935,21
1914,96
2328,29
1597,96
4480,19
3128,14
1816,39
4924,97
2125,18
2079,83
1491,46
4462,14
2423,14
2244,86
4277,93
3237,37
1074,72
1635,42
3300,73
2953,36
1478,58
3997,44
1885,54
4696,94
3677,76
4587,38
1589,31
4531,62
4190,15
1295,16
3069,49
4798,53
3589,37
3362,72
4486,53
1782,64
1506,60
1286,42
2680,99
2003,45
1100,24
3634,73
2406,32
4998,90
3476,95
2945,65
1111,98
4877,59
2569,40
4261,23
4206,81
4298,68
1954,68
3522,66
4167,23
4553,52
1290,73
2964,22
4338,10
1999,98
3651,32
1135,15
2639,45
1997,43
3168,39
3543,23
1660,16
3515,50
4384,39
2976,72
2106,28
3660,86
2759,90
3996,14
2324,91
4867,37
1854,16
3746,12
1257,78
2149,61
2259,10
2129,87
3952,40
2181,74
4619,12
4844,30
2512,37
1260,17
2605,41
4974,40
4654,66
3978,59
3948,76
4261,51
3933,52
1865,73
2515,15
2543,56
4089,61
3581,55
1792,79
3721,94
2120,21
3642,52
3555,37
2237,84
2916,98
1766,38
2971,62
4920,83
2533,32
3799,23
4532,69
4435,58
4803,59
2616,18
4950,79
4622,21
3955,38
4456,83
4585,53
2980,49
4610,30
4701,40
2930,11
2340,79
4475,23
4580,98
4097,14
1054,12
1535,95
3276,12
3652,22
1213,44
1999,12
3085,28
2658,95
4359,72
4830,86
1415,54
3101,15
4131,62
3227,98
4316,66
4747,36
1610,14
2741,54
3805,27
1441,14
2576,80
1881,20
1968,75
2240,41
2128,85
3590,76
2491,67
3113,18
3819,84
1718,53
3542,48
3459,13
3127,57
2006,66
4877,98
1445,61
2140,96
2163,16
4683,15
4976,94
2266,93
3005,74
3901,14
1371,39
3174,35
1405,92
2835,94
3901,67
2916,33
2852,33
2437,68
4495,21
3235,38
2070,49
4431,85
4483,59
1180,73
3570,28
1460,18
1940,81
2144,72
4572,58
3696,71
2802,12
2084,58
4046,66
4770,71
2063,14
2106,69
2204,11
3237,30
3690,52
1733,36
3045,34
4082,62
4863,28
3461,50
1398,36
1156,92
1398,83
3857,63
3247,25
4965,93
3564,48
4627,42
4966,29
3200,79
2735,12
2741,69
3161,99
3854,91
1066,38
1559,42
3306,44
3192,64
3429,51
1976,37
3727,20
2711,89
4654,12
4955,43
4726,95
4671,93
1896,26
2782,12
3590,88
2392,59
3056,24
4634,39
1437,39
3439,49
1556,48
1977,83
2347,66
1636,54
4091,58
4930,61
2452,60
2402,55
1271,92
2776,73
4773,16
3004,70
3563,15
3667,43
2547,24
4164,68
3335,82
4854,10
4719,82
1834,17
3560,37
4844,27
2548,87
2070,37
3400,83
1063,79
4897,13
4309,25
2366,41
3476,10
1592,55
2573,15
4191,73
1198,47
2031,70
2846,87
1428,94
4862,27
2125,96
3123,70
4270,10
4668,62
4493,50
4994,21
3128,89
3085,94
1746,62
2082,51
3160,34
4373,76
2436,61
1436,66
3838,91
3291,33
3218,71
2319,16
1049,29
2286,92
1095,89
4328,98
2125,54
2083,31
2064,93
2890,81
1210,71
2414,42
4031,14
4497,53
4491,61
2589,14
2933,32
2579,12
2426,77
1548,83
4019,78
4547,98
2149,95
1794,29
2060,76
1372,41
3848,95
4732,67
2710,52
4947,93
1154,58
2793,57
4867,66
4526,30
1081,86
1764,18
3376,26
1861,97
3783,84
3483,28
1868,35
2575,49
4473,70
4581,66
1604,45
2770,52
4538,89
3000,69
1037,66
4140,16
2448,82
4773,91
2761,62
4065,78
4827,49
1280,85
2198,46
3294,20
1660,97
2770,64
1332,36
2202,75
2511,96
1585,17
2519,70
3569,91
1924,56
3117,94
2656,62
1747,40
1154,86
3134,65
4732,59
1919,43
3177,80
2999,70
1762,98
1458,17
3904,96
1607,40
3753,47
2116,21
4762,95
4756,53
3254,19
3164,62
3011,14
3815,22
3420,82
2662,66
4029,53
2659,17
1701,67
1837,55
3501,80
1872,17
4418,16
3558,47
3320,50
3944,13
2912,65
4321,54
3589,55
1035,62
3484,51
2387,57
2004,24
1530,32
2078,47
3035,86
1206,72
1747,33
1151,74
4344,86
4809,91
4797,47
2376,70
4164,99
3830,78
4453,72
2756,99
4562,84
4312,31
1538,90
1383,20
4520,36
2354,87
4121,31
1679,35
1103,94
1981,93
2710,34
3777,20
2156,94
2073,48
3071,92
1885,81
3764,18
4791,62
3705,69
2027,15
2597,55
3103,50
2710,94
4928,43
3532,20
3579,65
1957,18
4298,49
1096,15
4903,24
1852,19
2524,10
1588,34
1406,72
1601,54
4969,70
4559,76
2924,48
4175,84
1948,49
1129,45
3519,50
3882,45
3902,41
3932,65
1313,87
1144,10
1227,18
4058,99
1242,25
3065,63
2316,71
1407,73
2484,28
1530,34
2160,74
3889,26
4303,96
4724,71
4270,68
3556,51
1391,29
3833,26
1289,19
2421,42
4522,32
1022,84
1998,95
4968,16
3085,40
1168,88
3374,68
4454,86
2656,95
2602,66
1579,75
3565,35
2096,23
2348,62
4712,22
3320,65
4548,28
1382,50
2600,17
4292,90
1079,79
1929,32
3152,81
3678,77
4124,48
4905,66
4316,77
2519,27
2584,82
4062,37
4419,83
2994,36
3308,95
1741,51
4475,50
2456,31
3914,14
1344,67
3462,29
3348,39
4324,81
3605,71
1889,33
4169,14
3475,74
3629,42
2955,10
1825,59
3492,37
3662,63
2766,39
4269,89
2432,51
2771,36
2459,21
1584,47
1467,41
3668,29
4570,20
1766,35
4628,30
4017,55
1327,21
3884,98
4467,86
4020,70
3845,21
4936,23
4175,18
3625,35
3012,17
2908,15
2294,65
4065,49
4647,36
3360,57
3552,88
2732,56
2712,99
3175,12
4696,53
4368,16
3135,54
3508,95
1842,74
2840,51
2443,36
1144,50
1323,46
4409,53
1373,63
1970,74
3062,10
3976,48
4135,92
2797,94
2378,80
4882,60
2708,66
1203,90
1680,30
2895,81
4543,29
4222,99
4542,14
3452,26
4900,72
3270,16
4470,30
1478,12
2429,27
2570,96
3673,32
2090,84
1898,48
3705,56
4996,74
1058,14
3104,58
3834,22
2453,56
3995,89
2200,75
2544,39
4267,16
4068,54
2552,45
4568,47
2615,92
3403,28
4074,73
1539,69
3418,70
4117,65
3499,89
2597,26
1387,60
2393,32
4288,34
4132,61
2188,16
4046,53
3162,65
1378,96
3359,81
1769,29
2050,98
1623,17
4964,67
2504,44
4314,41
4277,51
4846,89
3183,92
4917,31
3362,76
1176,84
1554,27
1251,57
3615,25
3789,88
3206,74
4930,83
3892,79
3659,31
2101,79
2031,32
3866,50
1478,89
2845,93
4342,73
2972,71
2981,48
3482,22
3359,67
3446,12
3473,62
1770,67
1208,17
1428,57
1681,60
1626,95
4579,76
3557,93
1159,68
4460,30
2978,55
3342,40
2403,78
4728,39
3606,78
3154,44
1400,69
3955,26
2211,46
4141,83
4257,13
3889,50
4299,55
2616,53
1593,32
3370,53
3414,20
4634,16
3474,56
3479,11
2228,42
1391,83
4883,29
3828,51
4976,36
1387,89
1439,89
4703,95
4302,71
3432,28
4481,11
4544,24
3577,92
3748,74
4928,40
2693,19
1033,27
1522,35
2934,82
4667,95
1495,76
2391,48
2309,45
4716,61
1412,61
4598,44
4464,90
4709,92
2691,13
4552,53
3451,81
4650,54
2115,40
3055,20
4744,55
1145,25
4956,24
3632,86
2957,35
2378,80
2443,14
1740,27
2621,57
2118,56
4902,96
4773,68
4494,37
4423,61
3083,82
2971,45
2650,91
3834,85
1984,36
3262,25
3693,22
3562,32
3441,32
1841,17
1957,16
2429,47
3596,81
3272,91
4819,44
3637,39
4381,93
1041,75
4657,56
1609,79
4192,78
1374,97
4100,11
3209,77
3220,29
1952,35
4068,83
3915,58
2887,48
3361,77
1102,41
4861,57
2240,33
1348,18
2263,12
2544,84
2969,31
2648,67
1880,64
2209,67
1291,40
3986,60
3934,50
4981,16
4191,27
2675,28
3343,37
2666,33
3543,75
4553,33
1277,81
4919,45
1392,28
2175,96
3826,91
2451,26
2386,47
2660,74
1678,97
4294,49
4459,66
2416,25
4788,80
2976,32
1884,99
3800,72
2274,20
1552,40
1830,51
4587,36
3569,94
2597,61
2964,79
1361,89
4721,67
4566,42
1681,48
3219,88
2245,74
1139,60
4189,42
2964,51
3050,23
3244,43
3393,43
4316,29
1952,93
3513,64
3794,35
3648,66
3889,15
4673,78
3016,89
1465,36
3088,19
4685,53
1949,83
3074,59
2324,74
2013,73
4290,91
1088,63
4611,35
2653,38
3206,29
2698,29
1255,77
2890,29
3007,33
4301,56
3555,46
1858,52
2765,32
3803,92
3831,44
1699,20
4404,21
3535,38
3900,11
1950,86
4716,75
3688,38
4760,86
2644,79
4382,32
2947,44
3970,30
3673,73
4822,32
1285,50
4497,33
1308,83
4777,38
1797,32
3378,66
3380,76
1014,86
2913,75
1721,51
4339,97
2297,89
1037,37
4221,54
4376,58
4073,87
4370,79
3904,17
1249,16
2006,22
3755,28
3051,74
4578,13
1535,81
2273,75
3439,42
4689,52
3016,82
2307,88
2610,36
4581,73
4752,23
2934,78
3833,15
3921,24
4002,92
1954,16
3014,57
1617,68
1446,73
1476,68
3542,43
2336,96
2963,46
3424,25
1842,61
1623,45
2707,86
3682,66
2966,68
1557,31
4412,69
2619,65
4678,47
2148,81
1215,95
1884,41
2865,63
3309,85
4134,66
3117,75
3297,10
2880,78
4710,12
3393,32
3213,39
1185,98
2679,59
4352,95
3980,24
1021,33
4502,51
3662,84
3350,34
3359,78
2611,21
1462,76
3901,97
1531,91
1356,12
1403,98
2153,98
2091,88
2745,62
3205,74
3098,82
3766,73
4066,10
1093,33
3839,25
2545,73
3276,67
3838,75
1622,14
2888,84
2566,20
3673,25
4925,67
4937,81
2623,98
3048,35
3720,38
3065,66
3466,19
2674,11
2813,58
1594,88
2532,56
3449,96
4882,86
3868,29
1394,39
3883,72
2596,17
1492,45
3635,39
1630,86
4638,34
1648,42
2808,85
4370,53
4772,84
1065,19
3125,83
1342,99
4871,14
2618,83
4412,96
2199,40
4328,24
3358,55
4021,88
3858,53
4033,43
1822,83
3816,42
3070,36
1525,61
1963,38
1567,64
4619,79
2001,17
2301,20
3501,95
3814,37
4786,52
3487,48
2295,93
4531,12
2100,55
1591,17
3835,53
4433,96
1016,40
4845,47
3745,49
4052,35
4136,61
1630,11
4226,89
2932,11
3145,23
1955,94
1216,11
2464,49
1728,23
1997,40
1990,98
4780,36
2908,28
3714,13
2817,90
2357,27
4134,73
1370,28
4798,36
3643,32
2859,43
2053,88
4805,14
4424,88
2778,95
4138,46
3790,10
3018,36
2169,92
4564,81
2832,68
1615,13
1826,41
3658,14
4529,31
4698,85
1292,31
4577,90
1424,57
4763,75
3634,20
3769,19
2756,93
1692,63
3071,10
3599,62
1334,64
2550,98
1946,55
4361,26
3846,44
2187,50
1525,76
2171,51
4949,62
2671,28
2484,44
3257,70
2280,57
2010,56
3456,73
1615,21
1555,77
3563,50
2017,17
3254,69
1262,36
4341,88
4933,47
3875,46
1974,79
4044,17
4521,88
2221,73
3573,64
1809,60
4390,61
3228,31
2555,80
2641,24
2649,17
3827,61
1138,94
1378,71
4459,97
1419,55
1401,59
2663,52
4229,81
1469,36
1043,94
3828,77
4059,16
2552,52
3887,68
3109,21
4129,12
3815,60
4645,62
3034,15
1368,84
3723,74
4140,64
2421,83
2653,79
4349,84
3230,68
4665,78
1617,19
3525,86
3832,45
4888,79
3748,30
4525,16
1203,34
2240,41
4641,89
1091,63
1827,50
3413,96
3175,52
2615,40
2401,17
1885,85
1614,55
3373,43
3209,65
2184,58
3125,83
1328,99
2330,71
1623,66
2046,55
1666,45
2041,78
3351,70
2840,18
4061,89
4764,55
4010,14
1425,21
1553,23
1157,84
1509,64
2897,22
4009,56
4553,86
4321,10
1083,77
3406,84
3894,81
4542,14
4969,94
3353,69
1477,61
4343,54
3449,71
1206,12
2420,76
4643,55
1191,26
1039,70
2571,46
1961,58
2777,54
2470,15
2312,49
1540,84
3276,29
2774,13
4430,64
1542,52
1481,94
3688,49
4725,26
1093,24
3325,80
1159,59
1821,82
1803,43
3731,58
4696,60
2082,88
2598,96
4438,10
3115,94
4964,52
2238,26
3487,40
4101,82
1512,89
1306,61
3143,74
1192,44
2328,27
3428,73
1648,14
2231,25
3844,42
3687,61
2194,39
1539,20
2076,84
3401,82
2200,44
3267,67
2906,95
4126,73
2651,90
3432,24
3326,55
4276,47
4586,36
3640,11
2712,23
2894,40
4708,44
1264,90
2419,62
2321,64
2628,86
4812,72
3678,49
3382,83
2223,27
1568,54
3713,50
3838,16
2480,65
3578,89
2796,98
4796,51
3432,31
3916,83
4212,84
3087,93
3684,64
4102,73
4210,52
4330,72
2623,96
2017,14
3817,49
4436,10
1857,60
4346,16
3931,90
3148,93
2328,15
4791,34
1311,52
4572,57
4341,90
2729,70
4546,10
3539,23
4294,88
1699,64
3530,64
4845,71
2085,97
4055,85
3131,31
1367,89
1442,85
4959,62
4320,90
2746,94
2975,61
2401,88
3683,12
2185,12
4517,70
2536,78
3525,76
2113,95
3552,20
2343,95
4777,27
1745,25
4534,57
4384,86
1925,73
3943,22
2187,19
3771,40
4023,81
4496,48
3549,12
3915,97
4760,31
4825,57
4319,49
2789,18
2022,77
1874,90
4586,36
3046,42
4542,87
4678,89
3298,77
3021,41
3138,25
3396,49
1836,14
1438,55
2988,11
4803,49
2789,94
1337,50
2224,38
1583,34
1593,34
1425,13
1283,42
2324,79
2410,27
1071,30
1571,12
1019,42
4662,69
4703,76
1881,91
2195,38
3557,75
2773,77
2669,85
2733,14
2174,68
4977,63
1088,24
3946,37
4046,85
1035,19
3978,26
1427,19
3213,85
2771,17
3928,31
4699,96
2190,21
3542,49
1981,59
1550,73
2403,65
4125,59
3906,86
1713,10
4420,47
2946,54
4971,29
1723,58
1681,32
2914,25
2602,24
4791,49
3559,84
1461,90
2172,79
3325,47
3411,34
4521,16
3148,82
2982,59
2347,17
3434,44
4101,81
1963,78
2895,46
2872,49
1811,48
3937,25
3159,92
4480,14
4997,19
1282,19
2595,52
1859,42
2184,33
4216,90
3905,96
4030,28
3282,92
1742,43
1776,97
4104,18
3676,59
3315,19
1016,81
3207,88
3558,12
4505,39
3462,85
3714,16
4377,78
4101,16
1334,99
1819,31
4725,69
4820,87
3376,22
2867,85
3339,83
2023,61
3669,73
2187,20
3380,64
1667,27
4990,85
4021,33
3851,96
1165,62
3268,18
2134,25
2342,25
1829,92
2284,45
2405,11
1221,33
2312,48
2174,84
3216,55
4455,67
2936,56
1260,20
4096,10
2983,23
2053,71
1675,20
2507,62
2458,52
2864,14
1660,53
2303,31
2878,22
4973,28
4460,46
4732,73
3182,64
2029,50
3165,63
4056,50
2670,44
2517,65
2438,93
4470,59
2939,56
4396,74
1833,31
1218,48
2893,97
1911,41
4832,85
4761,87
4243,51
3608,67
1571,30
2875,81
4239,78
1409,55
2846,85
1653,91
3058,42
3973,23
4084,52
2173,25
2862,85
2547,11
2407,70
4471,76
3689,30
1617,95
3324,80
4400,23
4823,57
1233,31
4896,67
1447,60
3552,17
1283,62
4496,70
3539,38
2894,73
2184,57
2259,37
2170,75
2546,84
3848,53
4629,52
1036,30
4774,31
2791,72
4513,82
2094,63
2456,66
1229,60
3811,41
4194,88
3289,15
3613,29
4130,35
4850,46
3380,98
2202,29
3475,76
2808,91
3908,77
3888,56
4287,15
3306,41
4398,28
1910,16
2751,76
2044,58
3611,19
4814,37
1595,81
3411,77
4354,95
4598,84
1562,40
1186,57
1567,86
1796,23
3164,74
4973,28
1150,72
1747,99
4561,89
3161,41
4865,78
4435,43
4919,42
3447,72
1260,27
4755,94
1214,27
4391,30
2968,65
1407,64
4335,59
3002,74
4730,63
4164,97
3240,39
3181,65
3153,56
4438,84
4842,59
1105,50
1858,51
3391,48
1993,95
4572,22
3286,72
2847,69
4263,44
4155,37
1782,27
2080,79
4607,78
3070,41
4891,67
2082,86
1623,70
3582,44
4114,74
3824,63
3387,54
2619,58
4216,34
1223,55
2721,82
4558,30
4123,25
2628,91
4366,92
1425,27
1563,72
2980,35
2503,31
2477,43
3637,20
2733,10
4278,89
4805,72
1618,72
4143,20
3276,31
1585,35
4029,33
4008,13
2288,82
1757,43
1215,97
1809,54
3967,31
1662,94
2953,40
4732,93
1442,79
1016,12
4241,21
2239,35
1650,23
3301,71
3660,34
1320,91
1543,72
2685,56
2834,18
3173,18
1938,69
4521,56
3926,31
1900,40
1313,11
4212,91
3173,97
4437,38
4668,37
4424,71
3539,88
4061,78
3011,45
2185,74
1223,21
1039,89
2892,57
1981,26
1404,69
4793,66
1634,57
1215,25
2824,74
4231,30
1568,44
3436,25
4241,41
1365,17
3367,79
3826,32
4140,25
3843,14
4073,94
1906,81
2064,36
2205,51
1714,37
3487,79
4613,23
2948,49
4659,10
3896,99
4632,47
3654,28
1646,59
1810,78
4709,66
4432,89
4247,34
1382,21
1862,84
2101,86
1075,47
4942,75
1676,95
4014,93
4960,75
1930,17
2605,48
4038,86
4948,51
4686,28
4229,88
2086,20
2464,72
2693,38
3575,54
3499,85
3556,81
2875,67
2242,92
2525,68
2602,81
4804,38
4586,23
1384,29
1086,37
1882,44
2643,89
3127,51
4120,32
1514,60
3685,56
3527,14
1980,29
1512,56
3760,34
4757,46
2899,87
2011,25
4533,20
2902,38
4080,58
4981,27
2967,17
4797,52
1644,28
1899,54
4223,23
1928,47
3214,25
2531,98
3106,23
2878,23
2857,79
2468,97
2489,62
2320,26
4925,83
2381,46
1614,80
4503,34
2365,18
4579,20
2218,54
3230,83
4052,84
4535,87
1488,32
4940,19
2902,34
4741,42
1165,68
2465,65
3348,39
1793,65
3387,95
1486,32
4310,62
4821,70
4886,62
1406,60
2536,47
2097,21
1023,92
1930,28
1926,61
1809,72
4977,69
1867,61
2450,65
3154,19
2572,82
2605,72
3527,25
2579,91
1679,82
3307,59
4898,97
1353,51
3813,77
1604,63
1000,56
1618,64
2107,28
4294,83
1236,55
2118,56
1219,20
3343,75
2679,30
4940,25
2974,28
3419,24
1789,89
2080,55
1362,49
1714,70
4031,97
2055,95
4087,53
2417,91
2187,48
4755,77
1345,69
4022,52
4911,28
2297,85
2517,41
3600,69
1090,90
1442,66
4424,12
1440,47
3835,20
2345,23
1224,20
1771,78
3354,16
2825,26
2872,27
3862,56
3941,79
4580,57
3233,34
1536,26
4156,93
2384,49
2300,25
1426,26
4624,63
3808,89
1916,87
1176,70
4567,63
4163,17
4384,78
3270,56
2980,57
3168,14
2846,56
4880,84
3304,76
2639,78
2627,80
2403,19
2345,75
4174,46
3311,43
3955,64
3408,37
2152,88
4302,80
1541,99
2048,91
2743,97
4501,11
1556,77
1864,88
1431,64
4377,87
3615,90
3584,13
3537,99
4168,52
3585,85
1031,60
4431,40
4982,12
4480,73
3162,54
1054,99
4497,28
2641,58
2109,60
2533,76
4318,41
1402,86
3467,80
2081,15
3212,96
3098,11
4506,82
1413,68
1347,42
2884,20
3674,41
3464,75
4230,50
1565,76
3897,59
2387,20
2190,68
1455,24
3404,59
2894,86
4286,71
4977,66
3201,49
3276,63
3322,28
4147,66
1286,24
2150,26
2127,63
3237,75
1073,64
2395,42
4841,74
1425,52
3660,49
4624,14
4541,65
3004,52
1333,97
2254,39
1379,10
2221,72
4809,82
1050,68
3204,60
2351,20
4814,74
1265,23
1230,30
4148,88
4313,80
1886,88
2358,84
4378,41
3643,96
3157,16
3799,46
3751,39
3476,71
3465,70
1969,95
4370,67
1602,71
4638,69
2948,53
4979,13
3564,61
3645,83
3507,42
2020,71
4807,93
4548,29
2240,30
1512,76
1865,44
1683,66
4332,63
2657,56
3792,40
2471,71
3740,59
4272,99
1974,77
4265,97
3253,27
3793,51
2202,58
4836,96
2661,62
3330,37
4119,42
4416,29
3108,74
3318,34
2003,62
2705,70
1807,90
4886,95
3024,80
1118,86
4578,39
1346,94
3437,99
4718,25
4400,27
4101,84
2290,23
2680,80
1507,76
1377,54
2685,86
4212,26
4864,51
1077,90
4595,26
2603,42
4991,59
4239,85
4656,92
1999,78
3802,56
3641,71
3021,86
4275,59
4060,35
3553,55
3984,46
3847,92
1127,62
3759,66
3599,46
4618,35
3744,47
4158,71
1620,89
2534,42
2856,78
4820,71
2328,80
1547,27
3106,73
2195,16
1844,73
1031,37
3622,45
1552,80
4714,70
2758,57
3431,28
2678,95
3575,71
3252,23
1524,53
4513,19
2670,53
2684,39
1508,34
4856,58
3092,35
2013,95
1726,52
4159,81
2241,46
2413,23
3348,85
2799,52
3897,89
3613,69
1052,95
4875,64
4533,94
3468,25
3411,29
3351,54
2883,37
3940,65
2555,92
1021,56
3616,30
4611,71
3651,26
2495,16
4528,73
3440,93
2259,33
4048,40
4407,68
1489,72
1192,22
1033,31
1989,96
3995,12
3193,89
2957,77
4037,42
3210,81
1497,46
2474,70
4955,73
3835,32
3342,85
2489,62
1941,69
4325,54
4305,14
3166,83
3563,80
3398,32
4143,84
2861,55
1490,39
4952,55
1576,99
2081,15
3887,80
4268,46
4280,73
1709,90
2238,98
4752,79
3830,36
1083,75
3163,29
3280,69
3451,40
4964,97
3862,57
2725,49
2024,68
3165,39
1236,64
2864,94
3065,68
1457,39
2066,24
3066,70
4321,32
2944,23
2605,12
3883,54
4297,81
3876,68
1061,50
1977,88
3563,28
1193,20
2473,57
4572,10
3457,65
3900,20
3723,37
2548,51
4346,15
4129,54
2088,55
4665,91
1685,33
1069,94
4081,97
3603,25
1891,90
2325,75
4015,82
1574,11
1186,45
4459,38
2226,47
1604,16
1176,96
1646,63
3844,29
4638,66
4321,29
3075,68
2849,82
2896,37
2950,60
4237,83
1429,89
1265,60
3697,99
1870,98
3479,49
3561,87
1172,14
4453,45
2023,18
4175,17
4248,71
3692,78
3833,70
1317,22
2938,81
4372,52
1953,87
1810,41
3987,18
3246,23
4120,48
4975,32
1541,61
2852,99
3723,99
4535,97
1958,65
2786,19
1695,77
4449,37
4917,69
4784,75
4011,29
1582,52
2852,18
2033,82
2189,56
4155,50
3275,70
3625,51
3923,33
1247,27
3786,25
3895,24
1887,29
4943,53
1379,81
4559,32
3731,92
3028,67
2710,20
3075,20
2787,79
1134,31
1958,30
4416,56
4874,84
3259,84
2418,15
1833,61
3646,56
2558,31
1404,30
1831,24
2235,50
3175,90
4013,36
3026,35
1201,81
1149,67
1780,28
2837,47
4347,77
1717,87
3677,36
1251,80
4859,64
2541,78
4230,30
2363,79
4996,81
2237,84
1850,75
2822,21
1594,64
1235,69
3506,36
4859,23
3934,81
4799,64
1619,27
2660,88
4163,47
1528,83
2209,92
3665,38
3559,76
3621,73
4554,72
4583,51
4653,30
4750,50
3361,31
4926,49
3914,71
3190,17
4725,42
1984,45
3056,32
3205,19
4124,87
4600,35
2241,76
2875,27
1505,95
2079,13
4356,56
4085,31
2136,86
1184,75
1163,41
1227,93
1846,31
1360,90
2198,37
4353,83
2487,57
3436,20
4520,44
1880,16
2646,47
1022,45
4839,65
1580,18
2052,51
1162,53
2005,39
3501,49
4459,46
3331,78
3170,12
4078,97
4488,74
3881,36
3295,78
3125,29
3473,52
4822,53
1047,99
3656,69
3569,26
4757,65
1750,50
2441,85
1267,30
3539,54
3903,62
1761,59
3090,31
3474,34
2454,26
2612,25
3066,79
4639,22
3119,43
3690,75
4411,61
4354,31
3683,76
4129,83
3799,27
3739,39
2850,57
2751,86
2699,16
2334,54
2568,29
4262,11
3226,58
2559,59
3313,28
2679,80
3218,32
2909,98
3016,39
1577,78
3146,96
3928,66
1878,35
4743,93
2822,19
1450,32
1962,24
3733,50
3072,45
4981,89
4181,36
4738,46
3310,19
2752,11
2643,83
2458,63
4562,95
1285,34
4807,75
2199,65
3386,98
1880,91
1127,12
2714,89
3778,30
1452,86
1897,10
3628,99
4910,80
3739,94
2349,91
2605,68
3138,13
2094,32
3287,63
1681,48
2246,50
1969,61
4119,46
1911,49
1828,87
3800,55
4459,39
3753,53
4866,29
1685,26
4560,91
1889,30
1297,21
2081,73
3238,23
4422,92
4155,94
1973,35
1425,46
2210,91
1219,38
1732,57
2825,50
3900,72
2529,67
3052,88
1977,56
2103,89
4537,44
2084,68
2826,91
1732,63
3493,84
4669,38
2137,36
3075,54
2946,95
2103,38
1948,70
2190,34
3830,95
3568,51
3403,14
2897,51
2890,52
1317,12
2081,31
1390,57
1564,37
1497,60
4915,46
2982,86
2273,88
3764,13
1748,40
2185,72
3329,64
2955,88
2853,46
3991,54
2823,19
4968,82
2137,74
3498,70
1122,74
2812,43
2063,39
4992,10
4553,18
2640,35
1236,66
4369,89
1903,99
3195,24
2045,97
1098,77
4687,18
1038,28
1945,67
1225,95
3935,46
3766,91
1775,49
1700,50
4684,80
4221,79
4018,93
3881,75
3845,96
1192,53
1002,53
2650,80
1320,34
2898,51
2797,27
4856,41
2597,76
1255,23
2164,98
4284,46
1037,56
4720,87
4155,62
1068,31
4487,22
4862,41
4455,67
2168,68
1553,41
3065,11
2681,30
4393,91
1013,46
3384,57
4420,82
4923,93
1363,32
4881,79
4632,19
2960,12
3866,80
2305,78
4244,31
4865,31
4166,52
2350,81
2699,98
1493,63
2066,98
4713,38
2645,19
1801,98
2208,50
2443,41
3085,60
2063,37
3172,21
3441,36
3743,41
4090,14
4694,77
3688,64
4174,52
3625,47
2892,77
2964,13
2389,63
1890,77
2695,41
4646,53
2156,53
4325,59
2441,21
2331,80
4447,39
2647,79
2265,29
2603,32
4878,95
1674,98
1545,73
1042,84
3372,94
1355,41
1860,23
3169,94
3406,97
1541,41
4712,53
4449,51
2286,27
3406,30
3093,85
4979,78
4046,96
3984,90
2592,23
1628,47
1709,51
3862,90
4522,35
1495,53
4763,77
4698,15
3468,23
1970,66
1687,63
4910,76
4260,20
4548,19
4754,22
4499,49
4465,79
2946,90
4841,32
3862,96
1438,73
2394,96
1113,40
3339,48
1097,43
4030,12
4748,36
3898,44
4043,71
3453,43
4051,51
4627,57
2952,68
4506,15
2666,64
4751,41
3804,53
2270,12
4432,62
3528,48
2619,69
4453,12
2488,57
4759,79
1047,14
4607,42
4808,30
1678,91
4717,43
1852,97
4437,35
1632,23
3117,21
3347,94
2649,25
3696,21
3621,66
3448,75
2550,94
3724,83
2224,15
3847,38
3262,60
4233,53
1631,79
1274,34
2419,41
1302,57
1444,25
3252,46
4691,33
2117,34
3954,55
1195,12
1706,51
1155,95
1876,81
3840,31
1261,89
1702,60
2857,86
1749,27
1072,16
2359,92
3937,77
3197,16
3727,87
1181,41
1861,30
4121,93
2231,10
3701,71
3676,70
1261,53
2029,64
2626,71
4392,11
1101,98
2811,86
4464,43
2271,67
4818,86
1993,32
4049,50
3643,22
1733,53
1579,51
4924,59
4824,29
4729,46
1375,97
1759,18
4502,78
3900,95
3904,99
4760,57
1031,88
4305,54
3914,80
4562,56
2052,29
2784,79
3996,89
2497,70
3600,13
2948,26
3191,41
1512,26
1760,56
1245,39
4611,14
2699,86
3404,65
2615,46
4513,15
4375,48
1370,53
3493,78
2339,31
3647,55
3782,58
2487,25
2704,41
4395,42
3018,88
2530,81
2146,26
1544,30
2420,83
4945,49
3795,75
2275,50
3646,41
1175,17
2196,69
1695,29
3585,90
3686,17
3875,63
2918,45
2027,79
1760,97
2129,80
3637,91
1949,88
2473,97
3534,37
3264,82
3325,17
3723,38
2027,73
1734,46
1350,69
4235,94
2982,80
4836,54
4912,88
3199,80
4800,23
4927,64
4694,50
3202,85
3873,37
3511,33
3115,27
1914,24
4037,71
2834,10
3106,75
1750,35
1786,73
1659,79
3074,48
3221,44
2274,52
2669,24
3012,34
3117,65
2679,58
3639,28
3009,24
4825,16
1522,69
4052,51
1813,65
2042,43
3824,50
4515,62
3550,93
1141,58
3094,15
4856,83
4026,80
3913,38
2283,41
4961,59
1034,78
4561,21
3485,63
1118,41
2969,47
4713,93
3313,78
4214,72
1053,24
1891,36
2928,97
2561,54
2989,26
3190,44
4353,95
2635,79
3914,49
1157,23
1446,80
1232,65
4993,49
3364,41
3412,94
4383,56
2772,72
2928,16
3138,92
3252,81
2265,83
3994,19
3520,64
1174,18
2793,11
1886,39
2239,41
3983,41
1482,27
3576,51
3225,79
1176,33
4519,69
3477,82
1009,34
4405,71
1024,46
2302,94
4981,39
4934,79
1776,14
1433,28
4107,13
3268,53
1189,79
1143,49
3469,93
1829,58
2779,24
2454,70
3418,12
2981,50
4162,12
1991,31
4062,42
1455,47
4730,47
4648,40
1622,46
1137,26
2258,39
2940,60
2058,44
3008,21
2242,33
2667,40
2859,90
1614,18
3952,98
4216,59
3608,47
3351,22
4297,91
2114,55
2416,43
1438,98
2204,71
3159,49
2742,25
3992,70
1219,30
2686,73
2825,20
1441,37
2776,72
1504,24
2972,21
3294,95
3230,75
2302,49
1903,10
2309,95
1992,93
1464,87
5000,63
1097,17
1967,22
4733,17
4320,22
4451,65
3441,12
4657,20
3444,30
4173,75
1585,24
2556,81
3944,36
3947,28
2055,68
3604,58
2537,20
1988,37
4182,46
1245,73
1645,94
1197,75
1185,21
3354,65
1648,41
2301,54
2174,41
2916,81
2574,64
2410,13
1735,27
2940,29
2468,56
4232,76
4498,93
4044,41
1255,41
3105,54
3788,25
3121,11
2403,37
4336,79
2652,38
2081,37
2980,73
1021,43
4340,67
3312,98
3112,49
3224,86
2839,93
4448,61
3534,85
1497,38
1444,62
2144,74
4809,74
3227,27
3641,60
2418,47
1940,29
2963,89
2766,71
3006,41
3869,29
4544,71
4627,98
1958,22
1874,62
3517,77
2745,15
4197,69
3907,39
3334,57
3447,58
3467,31
1518,81
3021,23
4127,21
2478,27
3361,63
1014,36
3849,76
3905,36
2995,82
1113,16
4596,76
1562,84
1108,51
3653,22
1855,64
4215,47
3905,26
1076,43
3282,74
1703,93
1891,73
1039,40
3218,50
4376,50
3648,49
4324,50
2250,85
3953,71
4081,90
2895,57
4568,52
2163,81
1962,79
2889,33
2448,97
2394,80
4907,11
2475,46
3967,19
3027,46
1102,38
1621,24
4370,45
3839,33
1396,20
2018,51
1856,79
1474,40
3186,17
2779,62
1079,83
3860,53
3420,28
1429,35
4319,70
4099,38
1115,68
4738,65
2915,69
3752,65
1659,84
3466,72
2796,96
2150,28
1312,99
1468,92
3445,26
1708,38
2765,49
3763,70
2035,31
4635,99
2540,81
2613,59
4901,14
3751,21
2038,97
3092,98
4177,10
1193,85
2627,70
1867,37
4004,49
1131,99
4926,55
4974,44
1466,77
1980,34
4608,80
4841,90
2378,70
4230,80
3508,61
2232,41
1884,72
4104,93
2672,69
2508,67
3524,69
3857,46
3613,69
2830,11
3899,39
1104,13
2181,11
3115,37
1608,13
1502,54
3534,29
2794,30
2798,93
4228,64
3844,27
1237,39
3808,56
2034,36
3600,73
1436,60
1433,84
3236,37
1550,41
3697,74
2389,61
3381,84
4082,85
2758,56
4246,69
3541,34
1698,83
1651,21
3297,39
1801,14
3476,62
1114,37
1068,45
4144,10
2186,43
1841,17
2027,28
2232,98
1828,54
3528,89
3034,96
3306,72
1404,80
2453,45
3111,89
4450,37
1568,53
3983,30
2929,79
1838,57
2993,71
4527,18
1794,44
4530,78
1634,95
3556,53
3880,53
3539,31
2119,51
1852,30
3706,56
3646,75
1327,22
1034,63
4102,40
1471,13
4806,34
3000,68
3214,77
3121,71
2566,20
1455,78
4667,77
1941,39
2799,85
2585,30
1850,30
2444,81
2536,65
2519,45
3085,16
1398,31
1230,49
4776,96
2160,42
2102,18
2751,21
2077,80
4012,51
2867,29
2697,62
4778,73
1783,78
1423,52
1400,64
2136,27
2489,13
2302,15
3367,67
1953,23
3800,23
2225,22
2593,16
4985,47
3907,69
3959,43
4148,79
4213,62
2229,42
1893,75
3460,79
1339,34
1225,30
1630,24
2441,95
2722,30
2303,31
2070,78
2517,38
3411,54
4499,46
4230,28
2556,99
2660,60
4014,65
4503,34
4053,11
2725,99
3664,70
2917,99
2026,82
4431,83
1863,99
2937,20
3186,10
1162,84
2632,76
3962,26
4618,92
1898,14
4541,13
1985,76
1748,90
4048,28
1640,80
1779,84
1563,90
2062,82
2115,62
1496,97
3231,12
4692,52
3723,24
1190,71
4117,80
2748,28
1639,51
2942,47
3864,80
3742,64
1753,26
4792,92
4705,88
2750,46
2384,80
3664,16
3923,81
3407,32
4893,40
2759,72
4509,45
3210,63
3545,98
3402,19
4253,81
1545,49
3193,40
3400,78
4280,77
1137,38
3418,77
2203,57
3332,30
1245,58
3197,36
4657,91
2377,34
4603,57
2155,44
4086,58
3808,17
2833,96
2508,42
3585,73
2575,38
1541,96
3044,52
4503,68
2246,42
3793,82
2247,53
4108,55
3971,27
4321,85
3712,78
2838,35
1663,16
3818,67
2935,71
3315,51
3423,66
1559,89
2713,93
1352,47
1977,96
2946,21
1842,16
2923,56
4039,32
4833,26
3812,58
1755,50
3020,32
1309,29
1571,26
2915,59
2103,75
3715,96
4707,32
4031,63
4090,83
4652,19
4500,84
4003,32
4565,62
2211,23
3401,84
1965,54
1538,53
4966,54
4912,30
3506,69
4037,90
4116,34
3338,53
3773,67
2343,52
3962,52
2937,34
4573,98
2051,27
3265,12
4712,39
3455,16
3135,55
1070,53
1052,64
2071,29
3189,53
1412,80
3309,44
2800,89
4512,68
3832,66
1146,31
3330,48
4950,48
2259,49
2724,70
1200,44
2417,94
3853,27
2780,37
2357,31
2495,59
2855,48
1603,51
1284,68
4520,79
4784,28
1553,42
1838,71
2121,28
3102,82
2340,89
2151,80
1596,97
1714,54
2238,29
3504,36
3700,61
4657,95
4992,24
2656,90
1145,49
4716,59
1134,78
4922,36
4978,65
1757,46
1113,57
1721,31
3667,31
2085,72
1130,54
2826,75
4486,89
3780,50
3705,96
1038,14
2393,17
1161,78
4845,47
1680,25
2025,17
3559,32
4566,57
1653,29
1397,43
2866,73
4469,60
4637,46
1195,61
2796,54
4873,56
2616,55
4725,22
4018,46
1322,93
1634,55
3300,18
4615,18
1186,33
2930,46
3707,82
1980,82
2982,74
2040,53
3559,39
3871,75
3015,74
1069,21
2472,30
2526,30
4074,68
1106,26
1469,15
4131,89
2622,85
4542,30
4203,80
1419,81
2776,46
1745,47
2508,95
4408,56
2056,58
2674,31
4524,69
2357,96
1060,88
3342,27
3736,35
3278,50
2718,89
4955,45
1875,77
1148,66
3109,91
4633,44
4114,29
3145,96
4916,25
1137,26
1753,54
1043,82
2953,75
2602,81
3689,94
4961,69
3832,96
3722,65
3362,61
3448,57
1875,25
3745,27
3995,82
1460,73
3633,27
4478,31
1601,89
4266,96
3407,22
3492,64
1438,85
1534,44
3721,24
4248,66
3891,32
4384,33
3576,56
1197,63
4016,70
1138,54
1569,50
1273,50
2178,79
2227,68
2738,53
2861,60
2481,63
4210,65
2672,78
1238,81
3494,44
1024,30
1445,84
2999,16
3430,44
2093,51
2765,36
3799,54
2213,34
1708,83
2435,81
3250,76
1449,95
1833,33
1826,54
3655,87
3514,58
2491,27
1848,72
3984,36
1160,71
1786,57
1011,99
3138,70
1592,94
3388,60
3638,92
2347,52
2210,76
1673,10
1324,76
4841,20
4628,23
3785,18
1875,98
1545,94
2062,41
1961,30
3875,53
3311,19
2730,91
3294,10
1039,91
3076,25
3007,36
1577,86
1232,90
4572,32
4818,60
3960,19
4019,96
1926,55
1435,84
1715,90
1548,54
3569,55
3493,42
1514,70
2740,34
2693,92
2269,54
4401,86
3189,91
3161,77
2914,10
4488,21
3975,26
2905,18
3514,50
2330,20
3779,43
2730,55
3684,14
4139,24
4142,46
4835,51
4550,91
4486,31
2398,21
4947,36
1366,12
1550,97
2167,36
2001,91
1054,44
3697,37
4233,73
2922,78
2178,47
1175,16
1926,53
2706,93
1615,94
3245,81
3692,75
3867,24
1511,65
2689,44
4869,87
1763,68
1496,19
3172,38
2625,82
2313,45
2506,82
1134,16
4548,89
1247,86
4545,18
3651,52
1000,59
3700,41
2610,12
4990,48
3374,75
4745,12
4094,99
1811,59
1150,25
2519,33
4099,96
4489,60
4014,33
3698,82
1342,48
3468,79
2987,79
2630,53
2175,31
3543,35
3215,78
2421,38
1626,50
2018,72
2091,30
2468,72
1948,25
1755,94
1079,25
1745,77
4810,86
2055,88
4939,36
2863,52
3589,16
4765,17
2925,17
4849,12
3035,71
2416,69
1635,51
1252,77
1173,43
3322,40
1161,11
4272,61
2380,44
2062,28
4271,74
4104,87
4316,53
1136,11
1523,62
3622,62
4797,56
1493,63
2732,69
4273,47
4180,89
1786,14
3398,33
4566,50
3432,91
4585,40
4251,82
3263,93
1766,74
3081,47
4403,83
2707,64
4012,59
4328,66
2768,39
1748,48
4075,40
3917,55
1450,59
3566,49
1872,81
4201,92
3111,53
1145,32
1691,81
2230,56
1858,12
2482,14
2944,85
4950,72
2800,89
4280,52
4663,45
3871,71
3619,16
3208,46
1276,90
4633,73
1702,44
4529,81
2290,87
4544,90
3952,81
1163,98
2100,65
3334,74
3436,33
1876,56
4752,62
1123,63
3688,87
3834,44
1945,58
2135,53
2878,47
1367,34
2793,73
2513,64
1501,33
2836,91
4213,88
1190,49
1129,84
4196,83
2675,65
3482,29
3480,24
4948,46
2040,69
3182,33
3000,52
2466,10
3053,49
1452,46
2300,93
2498,36
1278,53
4915,79
1128,77
3353,78
2878,97
2129,29
2200,64
2243,89
4210,30
4952,57
3834,58
4369,86
3212,73
3087,35
2656,78
2964,28
2717,18
3430,52
2173,10
4262,96
2263,70
1125,45
3408,47
4062,89
4925,56
1685,58
1670,36
3828,90
4262,50
4194,88
1493,66
3648,95
1509,15
4226,68
3311,68
2889,46
3476,77
4495,27
1863,22
1675,34
3401,59
3937,20
1052,77
2119,79
2756,23
2159,22
2875,65
2761,29
4762,70
1890,67
3017,64
4678,37
3230,72
2773,53
3043,24
1192,17
1248,93
2111,43
1842,56
3465,98
2353,23
4487,18
4471,66
1547,67
3853,26
4225,50
3533,88
3701,25
2473,65
3017,29
2857,99
2142,34
4340,30
1415,23
1107,24
2133,28
1901,77
3149,65
2616,59
1121,88
1381,62
1746,52
1755,27
1322,42
4035,27
2452,19
1860,53
3427,36
3801,27
2518,51
4941,90
3674,13
2736,25
3867,19
2328,83
2639,87
1680,18
3627,70
3514,55
2440,48
4599,33
1100,76
4091,20
3634,37
3377,63
1460,86
1079,62
2763,15
1813,78
1345,43
3379,85
2649,68
1802,38
1676,27
1979,20
4603,14
4269,67
4569,40
3597,88
2486,66
2141,61
3265,42
4016,31
2485,84
2050,27
3330,15
4525,77
3490,91
3541,50
3246,34
2857,45
3570,20
3753,76
3645,74
2025,80
1077,77
2391,13
3864,28
4332,56
1105,11
4303,19
1110,13
4036,13
1533,32
1799,50
1360,14
3700,35
3659,93
1925,30
4982,23
3699,66
4717,81
1269,46
3396,73
4629,26
2759,93
1365,35
3019,22
2479,68
2825,48
4309,36
3545,32
3442,64
4227,89
2276,83
1214,45
2447,80
3500,37
2428,31
1116,56
4874,50
4696,41
1786,72
3764,68
3463,69
2106,68
1969,57
3815,30
3612,31
3161,28
4863,62
2243,17
4800,42
3131,60
2313,97
4115,23
2881,76
3139,93
2526,52
2079,29
4540,95
4163,36
3121,93
3240,55
2402,57
1525,70
1114,93
1418,56
2124,65
1110,71
4899,15
3672,20
4232,55
1544,28
2211,31
3088,35
3738,33
3594,16
2978,40
3146,89
2592,40
1566,86
1264,44
4827,75
4724,87
3118,91
1927,18
3740,50
1066,44
1071,31
2077,93
1609,53
4541,47
4372,38
3183,66
1002,97
2220,49
2403,58
1291,85
1254,33
4964,41
1292,34
4081,62
4043,62
2041,77
4391,38
1717,77
2955,74
3914,48
2695,28
4164,72
3674,63
3941,32
4127,95
1221,72
1623,89
3974,82
3706,71
2683,52
2813,46
4956,17
3439,10
2796,93
4109,99
2597,32
4158,62
3188,45
1498,74
4634,81
2102,67
3365,22
1970,89
4381,67
4447,81
2465,97
1001,91
1429,11
1821,98
3466,45
2248,52
4739,28
4138,86
2867,65
2971,61
4343,53
2522,72
3501,98
1544,72
3797,76
4606,56
1781,97
1616,90
3591,74
1687,37
1101,27
3626,80
1722,93
4738,72
3936,99
1821,64
3050,43
2603,51
4772,16
1667,61
2604,93
1681,85
4615,83
1048,71
4914,84
2917,43
1500,63
3719,38
2059,44
4068,33
2916,68
3828,64
3872,40
3644,53
2475,26
3636,50
2050,33
2266,20
2810,77
2798,99
2264,29
3736,90
2065,26
3986,18
3506,21
2800,60
4127,65
4312,49
3861,64
3966,12
1142,40
2800,47
3963,56
4179,12
1990,38
3349,73
4612,83
4548,14
4399,35
4783,39
1715,12
1434,38
1335,33
1358,78
2749,38
1932,45
3970,77
1893,50
4560,31
1838,33
2305,66
4106,53
4723,42
4159,30
3362,62
1176,56
3482,56
3097,15
1475,84
1772,20
2589,76
4026,82
2421,38
4087,75
1301,41
4730,63
4687,62
3146,58
1518,72
3000,52
3104,32
4884,91
4020,78
1000,46
2541,36
3602,71
4099,84
1979,35
2540,21
4602,17
1190,24
3020,85
2169,16
3278,62
4467,66
1272,76
4624,68
2470,55
4195,96
2657,68
3524,42
2841,23
2137,19
3996,40
3591,15
1552,70
2070,54
2032,41
2916,55
1370,45
2875,33
1363,10
4104,73
2816,15
3231,87
2953,67
2872,20
1546,60
2953,16
2586,21
4826,60
3005,44
2708,75
2862,79
4762,52
3892,14
2314,85
4303,32
1093,29
3646,27
3476,79
3887,12
4963,84
3673,66
1459,68
3613,28
1952,41
2676,99
1033,52
1878,97
3694,77
2021,25
3024,65
4802,36
2836,35
2897,89
2810,97
2706,10
1230,18
3855,97
4412,15
3717,67
3023,85
4640,83
4209,88
3224,41
2821,79
4141,39
1009,24
3340,50
2572,52
2755,62
3200,85
4512,88
2877,86
1436,42
2080,91
3354,68
2243,53
2896,64
3522,82
4636,28
1008,21
2397,55
3229,50
4429,92
3609,94
3773,53
4660,83
1943,97
2194,50
4517,42
2920,71
3583,53
3395,33
4786,31
4510,51
4569,89
3460,77
4278,55
3212,19
4321,25
1171,25
4095,48
2022,72
2262,38
2223,75
2791,16
1526,23
2960,52
3688,64
4521,98
2415,76
2229,90
4262,89
3805,32
2671,71
2149,63
2068,72
4135,74
2088,99
1733,62
2030,25
4901,65
2997,23
2059,43
1132,78
4799,11
1481,19
2063,45
2249,21
1414,24
4619,41
3677,76
3519,66
4501,76
4558,87
4235,16
1783,84
2258,79
2464,82
1477,10
4748,99
1372,78
4897,52
3769,16
4070,35
1758,67
4849,85
4795,71
3514,12
4120,17
2599,33
3941,16
2066,65
2505,41
3470,48
4949,45
4332,57
1929,88
4499,99
2066,96
2061,46
3533,91
3767,23
1855,37
4392,21
4179,67
4646,47
2253,13
3097,30
1702,37
2380,37
3562,41
1579,90
1438,39
3114,81
2895,41
1149,46
4118,36
3199,28
1801,98
2524,42
4784,64
3932,23
3438,60
4990,67
3377,68
4971,45
3694,26
3957,71
4673,47
4413,26
4834,44
4330,74
2416,35
1540,46
4619,15
3806,26
2961,91
4326,96
1208,24
2337,72
3388,44
2313,43
4388,39
4465,22
2633,34
3210,24
2379,87
1486,87
3632,99
2624,12
3220,85
2804,19
1552,58
3381,63
1529,10
1163,27
3271,15
2063,73
1721,50
3136,67
2597,10
2360,34
4410,42
2683,17
1619,22
1497,37
4263,64
4445,93
3945,30
1747,70
4347,43
4409,56
1217,97
4586,49
2525,50
2977,16
3336,53
1888,88
4155,68
2538,94
1480,62
3630,79
4475,47
1357,56
1554,77
1945,12
2950,80
2530,93
4463,30
4139,82
4351,49
3451,80
2301,66
2276,88
3535,40
3331,48
2932,25
3550,26
1629,58
2508,72
4756,23
1186,68
3613,38
2080,36
3933,58
1650,41
1446,33
1821,22
2256,82
2509,17
3230,81
4575,52
4717,29
1172,45
2611,34
4243,30
4423,44
3073,30
3799,79
2629,96
4657,82
1660,58
4770,86
2429,87
3368,51
1049,16
1648,73
1853,42
2496,30
2157,91
3121,68
1538,63
1657,29
4503,47
4593,16
4306,62
3328,18
3673,16
3078,26
1940,49
2860,93
1991,12
3094,92
4189,17
4288,11
1949,11
2126,10
4295,10
1958,16
3367,92
4559,67
1959,22
3512,15
1464,19
1893,68
3353,12
4914,79
1446,83
1738,80
1509,51
2147,46
1749,62
1853,88
1385,23
4712,90
4650,69
3700,35
3377,76
1196,81
1591,23
3610,65
4048,71
2984,28
1644,90
3720,44
4786,12
2754,99
4651,58
2256,75
1375,77
1867,14
2354,78
1931,42
2963,85
2783,49
4134,83
1247,48
1693,71
2495,56
1331,48
2265,10
3075,56
2914,71
2927,96
3335,28
1734,82
1476,12
3490,35
2856,14
1160,13
2138,78
3283,86
2754,68
3279,35
2967,92
2291,12
4378,30
4289,21
2232,53
1054,96
4358,43
4337,61
1623,36
4082,90
1277,85
4456,22
1145,41
4632,73
1045,72
3107,99
3014,36
2848,27
2759,88
2843,96
3268,29
3135,21
4669,67
2638,68
1835,19
4616,75
1715,65
1785,27
1506,23
2417,96
4896,60
4471,30
1034,98
2459,35
4045,89
2773,82
1974,33
1493,25
2975,93
4255,96
1759,50
1580,81
4561,37
2872,86
3061,22
1481,46
4433,35
2005,23
2357,87
4771,58
3305,31
1146,28
4540,75
2688,15
1650,22
1366,69
2229,94
3004,73
3249,66
4791,56
3828,72
1174,15
2785,71
4542,95
4873,60
3621,79
3535,11
1582,30
4280,15
1186,13
2895,51
1196,83
2887,92
4107,51
3471,81
2078,60
2910,46
3446,13
1312,78
4488,34
1916,16
3613,98
1999,55
4020,53
2486,57
4169,16
4319,89
4745,70
1498,98
1419,31
2502,39
4855,10
1636,22
2939,13
2175,27
3173,66
4740,49
3458,25
3434,93
1440,62
4617,10
4884,51
2333,14
3712,92
2526,22
1852,55
4564,78
4095,44
1414,99
1948,16
2615,80
1509,42
2646,77
2194,42
3576,51
3484,28
4337,94
2255,75
3600,11
4639,87
2819,78
4369,30
1935,67
2861,28
1161,27
1635,20
3624,71
1440,31
2041,24
2122,44
2977,20
3719,82
3986,57
2351,47
3775,49
3706,18
3066,31
4892,32
4508,88
4833,99
4541,19
4839,97
1173,57
4454,32
1197,98
4607,28
2197,59
3340,46
3917,76
4471,22
1058,16
3394,36
4355,34
4058,71
1795,64
4516,30
3286,44
2959,15
4573,28
3806,24
2118,42
1984,89
2407,11
2249,57
2562,90
1086,14
2639,36
4941,28
2047,90
3812,19
1182,89
2640,42
4428,21
2650,17
3035,73
4091,88
1918,97
4058,98
3808,18
4611,24
3922,74
2497,98
1180,42
1173,19
2231,56
3219,12
2925,51
1445,27
3137,46
3245,35
1580,82
3565,56
3376,35
4890,52
3840,15
2266,14
2164,31
3334,57
1303,56
1452,78
3682,21
1440,31
3104,35
3226,19
2811,26
4728,51
2749,91
2914,32
4927,98
3553,38
4174,36
4689,93
2865,68
2034,56
2826,98
1542,93
2349,96
1428,27
4402,52
2565,16
3228,42
1688,10
3993,16
4926,61
4381,83
4002,40
1545,26
3556,75
1527,63
2893,14
3647,79
2976,45
2069,72
2248,40
1678,14
4322,64
4022,95
3172,52
1254,71
2859,64
4883,78
2774,49
1320,12
4054,81
4307,24
4878,62
4551,61
3017,37
2565,95
1978,52
2409,91
4121,80
3784,25
1047,28
4138,47
1028,38
1092,32
1678,56
2058,86
1118,70
2079,69
4454,48
4437,52
1269,16
3230,63
1577,65
3844,91
3712,13
1522,10
1840,39
3672,13
4291,49
3792,80
2408,19
2604,26
1950,38
2075,79
1170,80
1019,56
2504,11
3516,67
4919,86
1755,87
3249,39
2784,31
1186,88
2522,39
4923,44
2495,14
4638,34
2431,86
3650,41
3524,19
4863,74
3080,22
4416,78
2775,44
2973,98
1747,28
3382,92
3050,48
1560,96
3009,19
2619,17
4601,11
2247,41
3251,34
1684,51
4891,39
1751,89
3812,84
3714,94
4298,85
3899,92
2860,53
3237,41
2924,37
2400,59
2651,84
2292,53
2091,73
1677,44
1801,45
1509,84
3609,70
1207,65
1547,83
4490,16
4149,53
4226,57
2897,70
2531,51
2115,18
2064,13
3438,82
2776,77
3670,10
4002,65
4370,86
2448,47
2950,17
4329,61
3838,56
2911,45
4943,50
2753,14
1411,10
1215,73
4441,60
3315,28
1726,96
3668,64
2121,29
1681,87
1331,35
2415,38
3899,10
1550,35
3774,90
1670,64
1398,23
1842,94
3744,31
2622,25
2927,89
2376,77
1527,40
2731,74
3195,56
3205,85
1653,25
2935,21
2321,60
2686,44
4131,72
3822,88
1635,32
4951,66
4618,95
3836,61
4057,92
3184,57
4291,36
4497,48
3769,67
2712,95
4645,34
3108,37
4149,27
3693,35
1211,10
2374,32
1356,31
1710,40
1369,65
3966,54
3231,36
4123,61
3385,55
2454,88
4850,79
2600,44
1408,73
4056,52
3633,66
3548,43
2291,44
1372,62
4408,36
2243,15
2778,78
2658,92
2337,38
1185,67
4673,51
3525,53
2087,69
1490,91
2774,19
2148,59
2757,40
2092,65
2985,53
3143,17
3826,38
1333,88
3950,13
4151,64
3674,50
1442,77
2200,89
1852,35
3524,54
1479,76
2488,66
1211,12
4831,33
3609,55
2266,54
4896,77
1527,66
4170,62
4988,74
4301,58
3703,71
3281,59
4614,53
4707,68
1806,85
3437,95
1919,38
3639,10
3803,29
3487,30
3025,96
3608,12
1454,25
2276,52
4205,55
3745,20
1131,80
2322,82
1550,50
3649,53
1552,86
2178,79
3094,99
1644,77
4481,38
2058,22
1098,76
1041,99
4943,76
4431,30
3823,45
1825,12
2961,92
1202,68
2568,73
3386,22
3070,78
4336,56
2796,67
2956,69
3651,11
2198,14
2800,79
3622,23
2204,14
3239,62
3040,44
4531,10
2515,35
2561,34
1460,22
3715,36
3754,58
2574,82
4480,16
4841,47
1090,54
2464,20
4298,48
3186,75
1162,20
3718,14
4485,26
4662,46
2102,17
1894,98
2449,88
1087,55
3942,77
4732,24
2751,40
1705,36
1587,43
2056,19
4689,84
4233,99
2865,93
4045,78
4495,29
2430,42
4701,65
1994,52
3413,29
3161,17
4714,22
1043,98
2625,66
3960,38
2910,40
3082,76
2850,59
1451,11
1284,33
2621,83
1067,36
2423,29
1596,18
4229,38
4131,75
3070,14
3248,48
1721,85
2203,15
1491,64
2968,97
4145,43
3485,98
4994,94
2277,55
1447,87
1554,26
4832,89
1183,86
1953,13
4126,42
2146,40
1729,11
2836,23
3892,42
2615,81
1521,38
4319,20
1693,45
4661,41
2982,38
3315,15
3490,80
1463,94
1193,99
1152,29
2723,64
2422,42
4378,22
2757,92
1643,51
3301,13
1883,13
2884,69
1212,14
3251,38
4259,85
1788,68
3259,33
4515,56
4784,38
3334,73
4958,96
2609,34
1449,47
1109,14
1743,42
2021,51
4728,33
3379,68
1650,49
3145,41
1322,35
3090,62
3104,85
4269,13
2352,49
4939,49
2859,98
2406,37
3789,28
4627,80
1589,14
3385,56
1872,65
4694,81
4551,19
3556,73
3708,50
2923,67
4835,47
2879,19
2810,94
1300,97
2526,83
3144,54
4496,16
4935,13
3397,59
3685,94
1949,43
4648,30
3764,95
1040,47
1919,50
4463,27
1283,43
1912,13
2965,73
1849,35
4313,65
3810,48
1323,19
4303,32
3913,14
2990,35
3858,33
2128,19
4991,87
4666,24
1282,40
2970,26
3002,89
4482,35
3948,25
2344,57
4356,72
2964,75
2455,53
2030,31
1992,66
3881,73
4246,87
3033,37
2201,10
3779,17
1567,31
2734,24
1730,16
1455,88
2200,86
4432,52
2838,50
1579,40
1456,40
2961,28
3391,21
2850,65
3476,35
1225,42
1751,89
3217,83
4438,48
4543,76
3451,47
3053,78
2639,55
2144,76
1330,57
2859,86
4225,53
1301,65
2814,68
1914,53
4470,71
4869,94
3228,75
2819,29
3471,64
2053,56
2763,27
4623,54
1089,51
2013,61
2976,95
1769,67
3068,39
3525,81
4223,92
1839,87
3410,27
1920,88
2081,25
3537,83
1515,44
1505,42
1762,63
2422,49
1065,74
1384,81
3060,45
4332,28
3335,70
1152,16
3211,21
4878,52
3202,13
2865,45
3680,24
4071,49
4451,33
1119,56
1245,81
4092,54
1218,84
2893,98
3421,51
1280,87
2197,41
2600,50
2885,24
1466,20
1748,43
3031,51
3023,90
4841,87
1931,63
2639,26
4888,59
1509,72
1071,12
2300,99
3293,55
2658,80
3894,71
1523,86
3883,66
1218,79
4044,86
3814,62
1840,46
4579,37
4208,46
4154,26
4250,74
4963,35
1635,43
2859,63
4610,38
4765,36
4471,69
3650,15
3128,35
1008,84
1762,50
4766,52
2239,17
2607,47
2623,87
4204,88
4506,31
2697,12
1681,75
4897,82
2142,89
3783,29
3414,20
4382,30
2309,84
3547,84
4831,78
1712,64
2623,31
2756,44
4522,40
2140,59
4949,69
4938,66
2295,51
4254,19
1196,90
1343,71
1544,46
1436,16
2828,80
1901,59
3506,65
1149,84
3975,40
4776,72
3284,88
3444,30
2372,38
1167,61
4139,98
2525,86
1740,11
3977,19
1217,26
4618,69
2565,89
3701,20
3798,97
1273,28
3114,48
1462,72
3900,24
3806,25
4936,33
3512,25
3836,32
1298,24
1843,40
1275,85
1702,37
1221,31
3138,28
1383,94
4509,93
4740,31
1317,72
4371,22
3008,36
2782,25
3515,34
3639,39
1356,84
2596,40
3366,14
3510,32
4277,38
2797,54
3070,32
4570,99
3516,76
4457,76
1127,86
1040,73
1264,34
1116,99
3048,74
4971,71
3029,26
1931,10
2334,75
2610,69
3575,47
4013,14
3705,61
2631,22
3321,47
3553,67
2534,40
1567,56
2377,30
1975,53
1249,52
4431,65
3624,62
4092,17
2411,27
4093,91
2767,33
4328,80
2431,61
2821,85
4461,11
1494,44
2515,17
1484,26
4930,18
2638,88
1535,41
2477,39
1435,95
4536,34
3125,27
3532,13
4898,61
3908,90
1566,97
1409,12
1871,33
3427,22
2324,44
2886,69
1297,99
3581,66
1660,28
1431,55
1957,80
4653,74
2476,11
3085,52
1870,95
4286,89
3488,75
2948,16
1957,18
1788,25
2895,69
3097,87
3162,42
1145,16
1155,41
4374,84
1872,58
3439,93
2857,85
2212,95
2420,51
2675,69
4827,34
2999,56
4392,17
4198,41
1425,82
1089,94
2415,66
1650,71
3933,63
3924,12
4522,34
3472,93
4294,90
4163,30
2951,58
3871,17
4293,68
2678,55
3871,23
3979,96
1431,52
4312,45
3335,17
3256,27
4530,83
1543,83
2705,31
4788,64
3467,40
1997,44
1061,61
3053,70
2831,43
2564,60
2322,46
4527,90
2342,70
3353,87
2220,29
3527,46
1961,93
1316,30
3119,55
4542,84
4647,89
2554,47
1169,96
4479,69
3005,51
3525,62
3472,14
2713,85
2641,78
4029,27
4265,80
3247,66
3142,87
1775,70
2434,92
4029,51
4235,31
3422,24
4617,86
2291,76
1837,73
2877,20
3729,22
2503,18
1887,77
4312,60
2427,98
4940,40
1786,80
2581,83
2998,55
2787,77
3096,92
1114,24
3175,81
4525,86
3107,65
3507,33
4736,37
3389,74
4571,37
3221,92
2646,29
2292,74
1914,74
4558,90
4152,13
4717,47
1520,66
1735,49
1167,51
3976,15
3351,62
1997,35
2578,57
4224,77
2381,22
4158,16
3317,82
3243,54
1529,32
3526,87
1611,76
2673,67
2592,75
2096,16
1938,23
4352,38
3720,20
2749,35
3256,52
1463,96
4961,30
3072,22
4381,57
3812,83
3693,98
3271,83
3056,50
2245,44
2902,11
4981,26
2590,51
4445,69
2257,14
2975,64
4977,38
3133,41
2251,83
2242,72
1433,85
2167,83
2355,50
1125,99
4391,29
4792,11
1737,17
1538,76
3178,35
1396,24
3330,76
4140,88
2805,89
2557,91
1712,35
1892,91
4606,24
2054,21
1583,85
2482,49
2274,33
2830,24
4665,76
3671,86
3435,78
3653,98
1586,95
1277,77
2961,45
4848,80
4903,40
4419,92
2118,10
4659,71
3539,73
1206,34
4456,54
3514,31
2978,46
1014,22
3724,69
4309,56
4628,80
3392,19
4218,49
4934,38
2513,78
1799,10
4293,64
3715,78
4894,46
1057,93
3976,20
4710,40
1751,18
2715,43
4327,74
3677,98
3010,24
1984,35
2737,78
2960,86
2753,43
2448,95
1812,91
2284,56
3061,96
3620,86
3689,96
3661,44
2791,32
3519,75
2185,96
1840,34
4418,31
2829,13
2572,19
3217,23
3978,10
2882,17
4692,22
4183,56
1945,54
4691,59
4642,30
4534,39
3959,41
4588,34
2691,95
1969,12
3737,36
1201,64
3180,66
2657,65
2215,78
3577,87
3581,40
4119,71
3568,20
3166,44
4125,87
1355,18
4339,27
3822,26
2270,96
3165,74
4174,88
1219,51
4203,46
4408,61
1297,81
3153,39
4115,62
3483,63
2294,40
3382,85
3210,45
4523,52
4892,45
2499,25
2776,37
4558,52
3881,47
4606,11
4097,69
2028,14
3008,23
2600,57
2647,99
3005,51
2681,78
2167,87
2980,26
1362,73
3662,99
1004,69
1103,68
1410,46
1174,14
1704,67
1188,73
3012,50
4278,59
2987,45
2112,76
3126,87
4778,77
4307,75
1145,58
2425,18
4857,60
4624,80
3919,39
1830,71
3064,87
3559,21
1357,89
2422,53
4814,39
1151,35
2907,84
3078,31
4773,48
2209,58
2826,73
2740,73
1617,65
1098,69
4673,79
3676,91
3659,89
4288,35
1318,80
3723,61
3666,97
4528,89
4325,28
1103,28
1101,85
2134,60
1187,75
3506,16
3848,20
3188,71
4724,38
4406,38
3524,38
3181,49
4330,23
3753,30
3544,97
4047,46
2965,16
1970,38
1354,45
4064,14
4872,48
4992,79
1651,18
4584,41
1928,47
4728,12
1310,64
3867,93
4732,70
3708,82
4818,16
4958,95
1729,36
3220,53
4573,62
3362,62
4222,61
1068,61
3349,94
4824,41
2084,43
1882,14
2785,10
2782,80
2661,65
1427,13
2584,23
4912,62
2968,51
1831,48
4690,80
4823,79
2273,10
1499,15
3627,49
1227,33
3254,71
4160,51
1997,64
4111,54
3908,20
4627,93
2894,99
2176,52
4542,81
3322,15
4747,57
2245,34
2920,37
4436,99
3272,11
1636,87
1751,61
2072,16
3517,89
2302,35
2834,85
3386,76
4061,88
3772,83
2729,12
4609,82
3747,69
3586,58
2375,43
4440,15
3871,48
4293,92
4101,31
4093,70
1789,87
3374,47
3836,58
4558,96
2158,34
4981,99
4316,65
3949,51
2520,17
3962,89
2564,94
3765,45
1719,59
3362,23
3406,40
1888,28
1510,85
1083,16
4799,45
1793,24
3964,11
4893,14
1818,71
3317,68
1564,54
4921,75
2446,77
2943,99
3558,38
4598,95
3943,82
4673,31
4111,62
4112,65
2052,60
1998,64
2888,55
2245,65
3491,59
1178,48
3049,95
4293,22
2425,86
1494,85
3124,45
3368,22
1112,78
1166,13
2246,13
1117,50
1740,33
1352,34
3568,92
2326,84
3433,45
3164,17
1198,37
4125,29
2201,87
4856,75
3222,99
3467,16
1516,12
1411,52
3524,12
4789,35
1873,54
4755,60
3233,12
4039,35
4846,43
4451,17
2830,16
3612,11
4205,14
4319,11
2018,78
2789,86
4967,84
3015,84
3663,37
1129,34
2023,29
4954,86
1699,19
3719,10
4121,49
4992,19
1116,53
3100,80
2112,45
2052,34
3077,75
4776,54
4561,94
4584,96
4753,34
4927,94
1480,53
1252,42
4003,51
4608,50
4755,66
1637,53
2653,96
2896,39
1185,48
2476,87
1911,74
3115,17
4570,20
1588,19
1767,93
2861,13
4489,22
2214,37
3782,93
2505,17
3257,81
4311,10
1988,60
2409,14
2432,10
2178,77
1717,38
2172,10
3348,12
4705,72
4848,51
3461,79
2754,32
1143,98
1505,23
2645,68
1534,16
4540,18
4192,16
3566,56
2719,69
3751,59
3963,36
2351,17
3570,75
1734,77
4411,52
2736,42
4206,86
3616,47
2391,16
3623,33
3499,28
4874,30
2233,17
2043,43
3714,39
3602,90
4892,81
2500,50
2914,82
1081,19
1652,65
3560,87
3455,40
1133,80
1122,58
4135,14
2622,32
1786,89
4305,50
3285,39
4484,18
1247,76
2339,54
4030,85
3176,80
1457,65
1678,92
2204,78
2365,29
1774,58
1196,51
3485,42
3997,45
4215,39
1813,88
2765,78
4077,82
1849,30
3959,83
2903,86
1056,99
3261,52
3053,71
3541,50
3821,86
3606,30
3852,98
4839,56
3751,37
3894,94
4918,32
1159,99
4446,59
1462,43
2405,63
4870,65
4413,61
1168,26
3295,10
3388,18
4014,97
2081,89
3832,61
1734,18
3194,79
2474,95
2185,73
1283,23
1874,49
1956,23
3390,37
3871,30
2732,65
1009,54
4366,10
4584,24
2418,31
3226,93
3836,44
4796,81
3230,39
2620,28
2317,26
2008,93
4604,50
2047,83
1436,19
2255,48
2040,24
4976,49
4462,84
1658,54
4620,39
2717,15
2721,98
4688,68
1061,16
4207,37
1126,41
1236,21
2782,27
2530,69
1089,17
2221,43
3185,12
3591,35
4072,86
2886,71
4421,33
1672,19
3681,89
4836,65
3575,68
1803,21
4269,27
3182,96
4347,62
2160,67
1791,26
1513,71
4388,68
3427,15
4487,81
2905,68
1249,70
2346,71
3226,31
3105,97
3376,93
1021,53
1632,88
4382,94
2611,79
3037,73
2427,13
4617,65
2163,88
4962,66
1914,99
4303,74
2755,81
4103,35
4711,79
1578,50
2480,23
3063,22
2957,59
2356,76
3896,79
3607,70
1049,96
1783,81
1913,20
4883,13
2670,71
1615,46
2972,67
1151,29
1841,13
1575,26
1739,13
1399,64
2368,89
4152,23
4848,65
3830,25
1493,95
2432,39
3252,97
2112,53
1673,18
1013,47
2757,84
1918,12
1043,25
2236,31
4889,57
4407,11
2444,26
4841,38
2862,55
4048,12
2567,32
3322,25
3416,98
1969,94
4236,67
3185,71
4601,28
2048,78
4215,49
1329,21
3678,73
3003,53
1673,87
2506,85
2647,85
3262,17
1030,31
1115,50
3999,64
2142,11
2049,76
1858,65
1876,56
4349,73
2591,87
1309,83
4272,65
1840,65
2977,29
3315,76
4906,65
1644,48
3036,22
2630,88
4086,92
1606,59
1904,45
2222,77
2874,61
4903,27
1511,35
2070,17
4893,78
2390,61
3918,79
3817,29
4124,25
4559,79
3144,98
2935,30
4545,64
3564,66
1597,85
1968,19
1070,97
3848,48
3723,49
3164,74
3667,15
4701,59
4413,38
1260,90
3027,27
2817,49
2300,57
4360,35
4201,55
3048,30
2641,94
4840,21
4619,14
3170,89
4002,45
1949,28
2155,51
3555,21
1672,40
2818,56
1625,94
2331,45
3158,92
1316,58
1335,20
2105,81
2452,74
2744,30
4500,16
1707,47
3478,82
4290,75
2089,42
4320,36
3423,33
4366,69
1661,76
4696,41
4985,40
3376,61
3980,39
1647,19
2307,16
1625,30
1323,72
2514,17
1528,62
1808,71
4510,92
2956,67
4807,34
2030,86
2289,39
2063,17
1370,26
4211,45
4230,19
3826,84
1036,12
5000,10
3814,57
3739,93
1853,79
2524,62
3238,16
2948,43
1804,98
1662,84
2620,44
2957,88
3072,81
2064,30
3255,34
2503,12
1760,70
1794,12
3939,54
4500,20
2812,80
4897,23
2202,19
1566,23
3442,65
2508,89
4140,51
1123,77
1527,55
3787,49
4955,83
4233,31
2380,81
1123,86
1823,82
1572,17
4146,22
2490,39
3703,98
2205,30
2301,83
1283,82
4639,14
2524,89
3960,57
2456,31
3980,26
2309,53
2364,74
1652,74
3316,62
3617,78
2343,58
1661,57
3106,11
1479,65
2220,52
4033,77
4797,95
2517,87
2194,56
1232,29
3434,29
1923,71
3470,96
2632,50
2162,22
4601,22
3449,36
2195,78
2310,94
2165,49
2141,39
4566,39
2775,54
4114,93
4137,99
1576,24
3382,62
2111,35
1488,52
3352,52
3461,77
4022,58
2214,85
1292,29
4479,62
4335,49
4185,13
4816,71
3913,85
1877,87
1726,38
1654,61
2332,41
2308,56
4760,44
3000,82
1491,61
3567,52
2589,54
4485,13
4918,15
2584,37
3732,71
2438,59
4198,91
1381,71
3015,36
3373,88
2166,52
2468,16
2807,82
3775,28
2351,72
1305,91
3843,23
3085,26
1519,53
4653,81
1980,61
2663,63
3690,55
2962,37
1988,58
2922,54
2054,51
4047,17
1447,32
2979,25
1715,16
4659,64
3254,90
4076,94
4749,49
2421,35
4168,13
1980,83
3924,18
2265,61
3997,28
3258,52
4152,65
4045,28
3394,60
1685,54
2745,28
1357,16
1365,62
4425,13
2849,76
2950,74
2066,10
3753,63
4488,35
2858,54
4436,20
4408,16
1868,64
1944,38
2842,18
4223,84
3698,41
3387,63
4382,31
3213,18
3228,61
3118,75
1452,93
1904,90
1972,95
3040,56
4430,32
2501,69
2347,67
3853,62
1635,96
3536,16
1261,81
3954,82
3796,64
3527,70
2139,41
2983,89
4541,86
3780,50
1733,42
4339,30
2112,92
3428,45
2512,18
4490,63
1795,79
3838,67
2117,98
4615,12
3180,77
1875,89
1631,59
1309,12
3178,54
3654,45
1455,27
4163,45
3614,98
4281,28
4939,26
2548,73
4464,10
2842,19
4771,78
3187,81
2617,58
4296,88
1522,85
1755,48
4257,18
3385,62
4620,70
4585,86
3749,10
4907,78
1290,62
4449,73
3052,34
3538,92
1706,80
2923,67
2536,42
1228,45
4754,82
2684,57
1335,82
2015,57
3958,62
2493,90
1353,15
4013,29
1421,82
4303,52
2098,48
3686,79
3658,88
3588,49
2777,32
4881,52
3053,73
4635,50
2587,25
3134,55
3095,49
2883,96
2356,83
3894,52
4768,34
3923,49
3287,31
2941,52
3727,68
3144,96
1927,96
1672,44
4087,82
4350,28
4767,85
1997,54
2202,62
2384,29
4682,98
3884,58
3904,85
2687,66
1617,51
2173,16
3949,13
2810,65
4868,28
2146,71
2933,68
1354,57
1895,98
2197,53
1562,51
3661,60
2215,66
1156,89
3091,94
1010,74
1122,47
4753,22
4574,75
4399,77
3353,97
3109,28
4685,78
3387,85
4083,14
3604,46
1758,55
4909,27
3999,83
1185,33
1279,73
4677,88
2357,57
1367,67
4394,16
4667,23
3635,64
3054,13
3192,92
2800,34
1365,29
3014,50
1530,65
2834,85
4344,51
1614,24
1677,29
4222,43
4291,59
3603,65
2117,22
1316,66
3861,84
3405,91
2160,24
4051,76
2476,55
3167,79
3439,37
2135,36
4618,39
1204,14
2577,58
4742,15
1833,86
4442,24
4711,64
3987,21
2857,76
1414,46
1551,63
4721,12
2198,68
3382,19
4772,75
1183,51
1239,87
2262,12
3315,76
3868,35
4584,59
1397,93
2459,51
3255,46
4995,86
1347,24
4021,78
3130,27
1018,93
4236,68
1150,36
2895,71
1437,97
4330,16
3611,89
4110,85
4275,42
2062,94
4604,55
3900,36
1070,24
2759,44
3728,39
3452,63
2774,83
3627,49
1059,76
4180,38
4843,76
3652,45
1813,70
2819,30
3322,22
3153,69
2208,66
3947,65
2534,63
4987,36
2341,63
2517,80
2976,30
1926,40
2439,39
3623,31
4932,48
3842,26
2039,43
1834,26
2001,85
4508,76
3392,98
3286,17
3452,28
4345,75
4761,10
1795,31
3682,97
1859,97
4613,75
1584,17
3720,90
1753,81
1232,10
3652,61
3419,84
4864,41
1135,46
4501,95
2591,72
2491,72
3552,79
2707,24
4074,29
1892,63
3563,72
4395,78
3946,24
1051,26
3528,56
2485,31
4595,57
2367,36
4849,84
1860,28
4179,39
3119,74
1735,99
2910,99
2830,45
1815,72
4412,37
1235,30
1999,27
1911,35
1907,32
3766,76
2724,19
1929,39
2310,60
3712,60
2634,98
2641,59
1275,51
4115,48
2702,62
1914,49
3345,73
1186,47
4646,17
3241,69
2273,20
3447,81
4948,34
2054,18
3005,84
2443,46
3930,24
2660,26
1124,23
2032,52
4856,74
2367,40
1624,11
3712,39
4109,53
4247,14
1427,59
3440,47
4803,16
3655,56
4730,46
3077,56
2544,73
4559,31
1602,63
1617,39
4598,66
4970,91
2374,47
2591,76
2423,81
2682,17
4143,13
4689,32
3199,56
4993,66
4006,12
2482,88
1378,49
3998,87
2780,60
3881,26
1245,37
1620,80
2613,84
1480,30
1358,14
3679,51
4879,17
1636,50
2653,28
4913,77
1614,73
2619,27
2551,24
4558,43
2027,64
2352,18
2876,59
1521,22
1890,22
3817,31
2570,45
1170,24
4446,60
4295,43
1762,31
3393,94
4880,22
2334,36
1798,42
2787,46
2549,15
1517,68
1748,67
3909,92
1422,70
4669,86
4102,48
1466,10
1443,98
3021,23
1327,49
1250,44
3761,38
3687,73
2603,77
3692,53
3289,79
1485,82
4416,16
3698,33
2775,97
3486,51
3294,18
1720,46
2369,90
1498,37
3447,66
2448,51
4840,92
4984,63
1726,72
4720,65
2335,19
1257,31
4960,18
4838,97
4334,20
2538,39
1195,91
4442,43
2596,50
1920,33
3370,90
4907,71
1186,29
4362,11
3445,92
1525,15
1915,61
2142,59
2543,49
4825,98
2260,37
3978,62
2545,22
1755,24
2719,84
3939,37
1551,89
1694,94
1636,98
3493,24
3276,56
1346,22
3732,94
4826,28
3426,99
4809,14
4481,14
2640,73
1113,12
4783,58
2966,94
4443,10
1119,55
2260,44
2165,85
3810,13
3670,76
3349,31
3962,77
2477,10
1423,36
3727,61
3196,86
4308,45
2245,73
2147,60
3500,76
1949,52
3676,68
4988,55
2341,67
4038,56
4797,79
1073,52
1208,15
1143,97
3351,82
2691,40
2915,81
2481,78
1230,35
2237,60
2818,12
3812,73
2490,72
3011,19
3479,39
4060,58
2947,15
1671,42
3061,10
4527,96
3601,24
2658,91
1956,14
1159,46
4120,45
4534,29
3543,52
1000,83
4622,59
3375,58
4189,31
3180,76
3403,44
1981,84
3610,16
3036,24
1008,65
3318,43
1342,45
3618,93
4632,48
2872,46
2334,53
3101,19
1778,17
3282,28
3618,59
2813,34
2024,16
3182,73
4349,69
2215,40
2949,21
1144,27
2958,51
4712,23
1109,96
4135,47
2814,81
4601,26
1481,50
4137,81
3960,61
4907,49
1004,54
4005,23
4661,58
2182,49
1622,93
4493,12
2918,68
3661,72
1871,35
4197,95
3904,50
2371,30
1658,36
4954,65
1566,84
2204,72
4538,24
2800,48
1468,13
4415,53
1734,35
3747,47
1583,60
1739,17
1632,75
2416,96
